url,section,subsection,template,templateName,disposition
"https://about.kaiserpermanente.org","(home)","","A1","Home / section landing","migrate"
"https://about.kaiserpermanente.org/news","news","","A3","News hub / archive listing","migrate"
"https://about.kaiserpermanente.org/news/press-release-archive/high-quality-care","news","press-release-archive","A2","News article / press release","migrate"
"https://about.kaiserpermanente.org/news/press-release-archive/paul-minardi-md-appointed-to-lead-new-kp-medical-foundation","news","press-release-archive","A2","News article / press release","migrate"
"https://about.kaiserpermanente.org/news/press-release-archive/kaiser-foundation-health-plan-hospitals-2020-financial-results","news","press-release-archive","A2","News article / press release","migrate"
"https://about.kaiserpermanente.org/news/press-release-archive/real-time-alerts-associated-with-lower-mortality","news","press-release-archive","A2","News article / press release","migrate"
"https://about.kaiserpermanente.org/news/press-release-archive/protecting-health-and-safety-through-vaccination","news","press-release-archive","A2","News article / press release","migrate"
"https://about.kaiserpermanente.org/news/press-release-archive/early-control-of-blood-sugar-key-for-gestational-diabetes","news","press-release-archive","A2","News article / press release","migrate"
"https://about.kaiserpermanente.org/news/press-release-archive/specialty-health-care-funding-will-serve-low-income-patients","news","press-release-archive","A2","News article / press release","migrate"
"https://about.kaiserpermanente.org/news/press-release-archive/promoting-social-emotional-health-of-staff-and-students","news","press-release-archive","A2","News article / press release","migrate"
"https://about.kaiserpermanente.org/news/press-release-archive/new-south-lynnwood-park-creates-healthy-play-space","news","press-release-archive","A2","News article / press release","migrate"
"https://about.kaiserpermanente.org/news/press-release-archive/omicron-variant-infections-less-severe-than-delta","news","press-release-archive","A2","News article / press release","migrate"
"https://about.kaiserpermanente.org/news/press-release-archive/research-study-will-inform-the-future-of-cancer-prevention","news","press-release-archive","A2","News article / press release","migrate"
"https://about.kaiserpermanente.org/news/press-release-archive/ukrainian-relief-giving-campaign-launched","news","press-release-archive","A2","News article / press release","migrate"
"https://about.kaiserpermanente.org/news/press-release-archive/study-looks-at-moderna-covid-19-vaccine-effectiveness","news","press-release-archive","A2","News article / press release","migrate"
"https://about.kaiserpermanente.org/news/press-release-archive/3-doses-of-pfizer-covid-19-vaccine-better-than-2","news","press-release-archive","A2","News article / press release","migrate"
"https://about.kaiserpermanente.org/news/press-release-archive/kaiser-foundation-health-plan-and-hospitals-report-2021-financia","news","press-release-archive","A2","News article / press release","migrate"
"https://about.kaiserpermanente.org/news/press-release-archive/kaiser-permanente-is-named-among-worlds-most-ethical-companies-for-fifth-time","news","press-release-archive","A2","News article / press release","migrate"
"https://about.kaiserpermanente.org/news/press-release-archive/kaiser-permanente-and-geisinger-come-together-to-launch-risant-health--and-expand-access-to-valuebased-care","news","press-release-archive","A2","News article / press release","migrate"
"https://about.kaiserpermanente.org/news/press-release-archive/researching-climate-and-health-solutions","news","press-release-archive","A2","News article / press release","migrate"
"https://about.kaiserpermanente.org/news/press-release-archive/current-air-pollution-standards-tied-to-higher-heart-risks","news","press-release-archive","A2","News article / press release","migrate"
"https://about.kaiserpermanente.org/news/press-release-archive/kaiser-foundation-health-plan-and-hospitals-report-2022-financial-results","news","press-release-archive","A2","News article / press release","migrate"
"https://about.kaiserpermanente.org/news/press-release-archive/angela-dowling-to-lead-kaiser-permanente-in-washington","news","press-release-archive","A2","News article / press release","migrate"
"https://about.kaiserpermanente.org/news/press-release-archive/dr-linda-tolbert-selected-as-executive-medical-director-for-the-washington-permanente-medical-group","news","press-release-archive","A2","News article / press release","migrate"
"https://about.kaiserpermanente.org/news/press-release-archive/kaiser-permanente-hospitals-rated-among-nations-best","news","press-release-archive","A2","News article / press release","migrate"
"https://about.kaiserpermanente.org/news/press-release-archive/kaiser-permanente-names-new-southern-california-and-hawaii-regional-president","news","press-release-archive","A2","News article / press release","migrate"
"https://about.kaiserpermanente.org/news/press-release-archive/the-highestrated-plans-everywhere-kaiser-permanente-serves","news","press-release-archive","A2","News article / press release","migrate"
"https://about.kaiserpermanente.org/news/press-release-archive/kaiser-permanente-appoints-greg-holmes-chief-human-resources-officer","news","press-release-archive","A2","News article / press release","migrate"
"https://about.kaiserpermanente.org/news/press-release-archive/paxlovid-associated-with-lower-risk-of-hospital-admission","news","press-release-archive","A2","News article / press release","migrate"
"https://about.kaiserpermanente.org/news/press-release-archive/extra-pounds-put-kids-at-higher-risk-for-hypertension","news","press-release-archive","A2","News article / press release","migrate"
"https://about.kaiserpermanente.org/news/press-release-archive/covid19-vaccination-no-serious-side-effects-in-young-children","news","press-release-archive","A2","News article / press release","migrate"
"https://about.kaiserpermanente.org/news/press-release-archive/kaiser-permanente-hiring-10000-new-staff-for-coalition-jobs","news","press-release-archive","A2","News article / press release","migrate"
"https://about.kaiserpermanente.org/news/press-release-archive/washington-permanente-medical-group-honored-by-ama","news","press-release-archive","A2","News article / press release","migrate"
"https://about.kaiserpermanente.org/news/press-release-archive/kaiser-permanente-expands-offerings-to-reach-more-coloradans","news","press-release-archive","A2","News article / press release","migrate"
"https://about.kaiserpermanente.org/news/press-release-archive/kaiser-permanente-doctors-make-up-26-of-all-top-doctors","news","press-release-archive","A2","News article / press release","migrate"
"https://about.kaiserpermanente.org/news/press-release-archive/sunnyside-medical-center-rated-a-best-maternity-hospital","news","press-release-archive","A2","News article / press release","migrate"
"https://about.kaiserpermanente.org/news/press-release-archive/national-recognition-for-cancer-care","news","press-release-archive","A2","News article / press release","migrate"
"https://about.kaiserpermanente.org/news/press-release-archive/the-top-ranked-medical-group-in-washington-state","news","press-release-archive","A2","News article / press release","migrate"
"https://about.kaiserpermanente.org/news/press-release-archive/national-recognition-for-high-quality-maternity-care","news","press-release-archive","A2","News article / press release","migrate"
"https://about.kaiserpermanente.org/news/press-release-archive/top-marks-for-customer-satisfaction","news","press-release-archive","A2","News article / press release","migrate"
"https://about.kaiserpermanente.org/news/press-release-archive/2024-rose-parade-float-theme-is-symphony-of-you","news","press-release-archive","A2","News article / press release","migrate"
"https://about.kaiserpermanente.org/news/press-release-archive/collaboration-with-instacart-to-expand-nutritious-food-access","news","press-release-archive","A2","News article / press release","migrate"
"https://about.kaiserpermanente.org/news/press-release-archive/kaiser-permanente-cancer-survival-rates-higher","news","press-release-archive","A2","News article / press release","migrate"
"https://about.kaiserpermanente.org/news/press-release-archive/portland-hospitals-named-among-best-for-maternity-care","news","press-release-archive","A2","News article / press release","migrate"
"https://about.kaiserpermanente.org/news/press-release-archive/us-news-world-report-recognizes-moanalua-medical-center","news","press-release-archive","A2","News article / press release","migrate"
"https://about.kaiserpermanente.org/news/press-release-archive/new-medicare-ppo-plan-expands-options-for-seniors","news","press-release-archive","A2","News article / press release","migrate"
"https://about.kaiserpermanente.org/news/press-release-archive/2024-rose-parade-participants-showcase-synchronicity-between-caregivers-and-patients","news","press-release-archive","A2","News article / press release","migrate"
"https://about.kaiserpermanente.org/news/press-release-archive/2024-rose-parade-float-wins-president-award","news","press-release-archive","A2","News article / press release","migrate"
"https://about.kaiserpermanente.org/news/press-release-archive/moanalua-medical-center-receives-national-recognitions","news","press-release-archive","A2","News article / press release","migrate"
"https://about.kaiserpermanente.org/news/press-release-archive/kaiser-foundation-health-plan-and-hospitals-report-2023-financial-results","news","press-release-archive","A2","News article / press release","migrate"
"https://about.kaiserpermanente.org/news/press-release-archive/top-ranked-for-quality-care-in-washington-state","news","press-release-archive","A2","News article / press release","migrate"
"https://about.kaiserpermanente.org/news/press-release-archive/17-awards-for-quality-care","news","press-release-archive","A2","News article / press release","migrate"
"https://about.kaiserpermanente.org/news/press-release-archive/kaiser-permanente-members-gain-access-to-boulder-community-health","news","press-release-archive","A2","News article / press release","migrate"
"https://about.kaiserpermanente.org/news/press-release-archive/kaiser-permanente-expands-maternity-services-on-maui","news","press-release-archive","A2","News article / press release","migrate"
"https://about.kaiserpermanente.org/news/press-release-archive/national-health-care-leaders-commit-to-support-public-health","news","press-release-archive","A2","News article / press release","migrate"
"https://about.kaiserpermanente.org/news/press-release-archive/kaiser-permanente-of-georgia-unveils-advanced-diagnostic-imaging","news","press-release-archive","A2","News article / press release","migrate"
"https://about.kaiserpermanente.org/news/press-release-archive/kaiser-permanente-and-town-hall-ventures-launch-habitat-health","news","press-release-archive","A2","News article / press release","migrate"
"https://about.kaiserpermanente.org/news/press-release-archive/top-oakland-business-leaders-collaborate-on-10-million-plan-to-add-safety-measures-in-downtown-oakland","news","press-release-archive","A2","News article / press release","migrate"
"https://about.kaiserpermanente.org/news/press-release-archive/risant-health-completes-acquisition-of-geisinger","news","press-release-archive","A2","News article / press release","migrate"
"https://about.kaiserpermanente.org/news/press-release-archive/kaiser-permanente-of-hawaii-welcomes-ed-chan","news","press-release-archive","A2","News article / press release","migrate"
"https://about.kaiserpermanente.org/news/press-release-archive/launching-the-food-is-medicine-center-of-excellence","news","press-release-archive","A2","News article / press release","migrate"
"https://about.kaiserpermanente.org/news/press-release-archive/two-physicians-celebrated-for-volunteerism","news","press-release-archive","A2","News article / press release","migrate"
"https://about.kaiserpermanente.org/news/press-release-archive/50m-renovation-of-cumberland-medical-center","news","press-release-archive","A2","News article / press release","migrate"
"https://about.kaiserpermanente.org/news/press-release-archive/kaiser-permanente-names-new-enterprise-strategy--business-develo","news","press-release-archive","A2","News article / press release","migrate"
"https://about.kaiserpermanente.org/news/press-release-archive/air-quality-program-expands-with-kaiser-permanente-grant","news","press-release-archive","A2","News article / press release","migrate"
"https://about.kaiserpermanente.org/news/press-release-archive/moanalua-medical-center-receives-top-mark-for-patient-safety","news","press-release-archive","A2","News article / press release","migrate"
"https://about.kaiserpermanente.org/news/press-release-archive/4-million-committed-to-mental-health-workforce","news","press-release-archive","A2","News article / press release","migrate"
"https://about.kaiserpermanente.org/news/press-release-archive/increasing-access-to-mental-health-care-across-hawaii","news","press-release-archive","A2","News article / press release","migrate"
"https://about.kaiserpermanente.org/news/press-release-archive/kaiser-permanente-opens-mom-and-newborn-center-on-maui","news","press-release-archive","A2","News article / press release","migrate"
"https://about.kaiserpermanente.org/news/press-release-archive/advanced-recognition-for-quality-care-and-equity","news","press-release-archive","A2","News article / press release","migrate"
"https://about.kaiserpermanente.org/news/press-release-archive/kaiser-permanente-hospitals-rated-among-best-in-nation","news","press-release-archive","A2","News article / press release","migrate"
"https://about.kaiserpermanente.org/news/press-release-archive/kaiser-permanente-launches-home-health-agency-on-hawaii-island","news","press-release-archive","A2","News article / press release","migrate"
"https://about.kaiserpermanente.org/news/press-release-archive/kaiser-permanentes-mobile-health-vehicle-returns-to-oahu","news","press-release-archive","A2","News article / press release","migrate"
"https://about.kaiserpermanente.org/news/press-release-archive/student-built-website-promotes-local-careers-in-health-care","news","press-release-archive","A2","News article / press release","migrate"
"https://about.kaiserpermanente.org/news/press-release-archive/kaiser-permanente-improves-member-experience-with-ai-enabled-clinical-technology","news","press-release-archive","A2","News article / press release","migrate"
"https://about.kaiserpermanente.org/news/press-release-archive/announcing-a-new-strategic-relationship-with-commonspirit-health","news","press-release-archive","A2","News article / press release","migrate"
"https://about.kaiserpermanente.org/news/press-release-archive/national-quality-report-kaiser-permanente-plans-rated-highest-in-all-regions-served","news","press-release-archive","A2","News article / press release","migrate"
"https://about.kaiserpermanente.org/news/press-release-archive/expanding-our-relationship-with-hca-healthone-in-colorado","news","press-release-archive","A2","News article / press release","migrate"
"https://about.kaiserpermanente.org/news/press-release-archive/2025-medicare-star-ratings-kaiser-permanente-health-plans-highly-rated-by-cms","news","press-release-archive","A2","News article / press release","migrate"
"https://about.kaiserpermanente.org/news/press-release-archive/kaiser-permanente-partners-with-atlanta-hawks-to-promote-health-","news","press-release-archive","A2","News article / press release","migrate"
"https://about.kaiserpermanente.org/news/press-release-archive/kaiser-permanente-named-highest-rated-medicare-health-plan-in-hawaii","news","press-release-archive","A2","News article / press release","migrate"
"https://about.kaiserpermanente.org/news/press-release-archive/2025-rose-parade-float-theme-more-healthy-days-for-more-healthy-years","news","press-release-archive","A2","News article / press release","migrate"
"https://about.kaiserpermanente.org/news/press-release-archive/risant-health-closes-cone-health-transaction","news","press-release-archive","A2","News article / press release","migrate"
"https://about.kaiserpermanente.org/news/press-release-archive/portland-hospitals-best-for-maternity-care","news","press-release-archive","A2","News article / press release","migrate"
"https://about.kaiserpermanente.org/news/press-release-archive/grants-fight-food-insecurity-seniors","news","press-release-archive","A2","News article / press release","migrate"
"https://about.kaiserpermanente.org/news/press-release-archive/2025-rose-parade-float-participants-include-special-olympics-athletes","news","press-release-archive","A2","News article / press release","migrate"
"https://about.kaiserpermanente.org/news/press-release-archive/2025-rose-parade-float-wins-wrigley-legacy-award","news","press-release-archive","A2","News article / press release","migrate"
"https://about.kaiserpermanente.org/news/press-release-archive/kaiser-permanente-names-corwin-harper-president-of-georgia-region","news","press-release-archive","A2","News article / press release","migrate"
"https://about.kaiserpermanente.org/news/press-release-archive/kaiser-permanente-names-wendy-watson-president-northwest-region","news","press-release-archive","A2","News article / press release","migrate"
"https://about.kaiserpermanente.org/news/press-release-archive/junior-volunteer-and-internship-programs-promote-local-careers-i","news","press-release-archive","A2","News article / press release","migrate"
"https://about.kaiserpermanente.org/news/press-release-archive/shari-hofer-joins-kaiser-foundation-health-plan-of-washington-bo","news","press-release-archive","A2","News article / press release","migrate"
"https://about.kaiserpermanente.org/news/press-release-archive/kaiser-foundation-health-plan-hospitals-risant-health-report-2024-financial-results","news","press-release-archive","A2","News article / press release","migrate"
"https://about.kaiserpermanente.org/news/press-release-archive/lahaina-clinic-staff-honored-volunteerism","news","press-release-archive","A2","News article / press release","migrate"
"https://about.kaiserpermanente.org/news/press-release-archive/ms-care-leader-recognized-for-vision-and-expertise","news","press-release-archive","A2","News article / press release","migrate"
"https://about.kaiserpermanente.org/news/press-release-archive/kaiser-permanente-announces-new-hospital-tower-at-sunnyside-medical-center","news","press-release-archive","A2","News article / press release","migrate"
"https://about.kaiserpermanente.org/news/press-release-archive/pioneering-renewable-energy-solutions","news","press-release-archive","A2","News article / press release","migrate"
"https://about.kaiserpermanente.org/news/press-release-archive/neil-cowles-named-chief-information-and-technology-officer","news","press-release-archive","A2","News article / press release","migrate"
"https://about.kaiserpermanente.org/news/press-release-archive/maui-students-gain-hands-skills-career-exploration-day","news","press-release-archive","A2","News article / press release","migrate"
"https://about.kaiserpermanente.org/news/press-release-archive/sunnyside-medical-cardiac-surgery-award-10-years","news","press-release-archive","A2","News article / press release","migrate"
"https://about.kaiserpermanente.org/news/press-release-archive/kaiser-permanente-national-union-healthcare-workers-reach-tentative-agreement","news","press-release-archive","A2","News article / press release","migrate"
"https://about.kaiserpermanente.org/news/press-release-archive/kaiser-permanente-expands-health-care-access-coweta-county","news","press-release-archive","A2","News article / press release","migrate"
"https://about.kaiserpermanente.org/news/press-release-archive/moanalua-medical-center-on-newsweeks-best-maternity-hospitals-list","news","press-release-archive","A2","News article / press release","migrate"
"https://about.kaiserpermanente.org/news/press-release-archive/project-search-graduates-moanalua-medical-center","news","press-release-archive","A2","News article / press release","migrate"
"https://about.kaiserpermanente.org/news/press-release-archive/kaiser-permanente-opens-new-expansion-at-everett-medical-center","news","press-release-archive","A2","News article / press release","migrate"
"https://about.kaiserpermanente.org/news/press-release-archive/cynthia-dold-named-president-of-washington-market","news","press-release-archive","A2","News article / press release","migrate"
"https://about.kaiserpermanente.org/news/press-release-archive/2023-rose-parade-float-showcases-all-of-us-for-all-of-you","news","press-release-archive","A2","News article / press release","migrate"
"https://about.kaiserpermanente.org/news/press-release-archive/2022-rose-parade-float-wins-theme-award","news","press-release-archive","A2","News article / press release","migrate"
"https://about.kaiserpermanente.org/news/press-release-archive/80k-grant-to-advance-the-health-equity-of-pacific-islanders","news","press-release-archive","A2","News article / press release","migrate"
"https://about.kaiserpermanente.org/news/press-release-archive/accelerating-health-cares-digital-transformation","news","press-release-archive","A2","News article / press release","migrate"
"https://about.kaiserpermanente.org/news/press-release-archive/addressing-homelessness-and-changing-lives","news","press-release-archive","A2","News article / press release","migrate"
"https://about.kaiserpermanente.org/news/press-release-archive/addressing-housing-insecurity","news","press-release-archive","A2","News article / press release","migrate"
"https://about.kaiserpermanente.org/news/press-release-archive/addressing-social-isolation-in-the-northwest","news","press-release-archive","A2","News article / press release","migrate"
"https://about.kaiserpermanente.org/news/press-release-archive/addressing-the-shortage-of-licensed-practical-nurses","news","press-release-archive","A2","News article / press release","migrate"
"https://about.kaiserpermanente.org/news/press-release-archive/alternative-to-using-race-in-kidney-function-test-found","news","press-release-archive","A2","News article / press release","migrate"
"https://about.kaiserpermanente.org/news/press-release-archive/announcing-new-chief-compliance-and-privacy-officer","news","press-release-archive","A2","News article / press release","migrate"
"https://about.kaiserpermanente.org/news/press-release-archive/announcing-the-common-health-coalition","news","press-release-archive","A2","News article / press release","migrate"
"https://about.kaiserpermanente.org/news/press-release-archive/colon-cancer-screening-can-erase-disparities-in-outcomes","news","press-release-archive","A2","News article / press release","migrate"
"https://about.kaiserpermanente.org/news/press-release-archive/colorado-schools-receive-support-to-improve-health","news","press-release-archive","A2","News article / press release","migrate"
"https://about.kaiserpermanente.org/news/press-release-archive/carrie-owen-plietz-named-president-northern-california-region","news","press-release-archive","A2","News article / press release","migrate"
"https://about.kaiserpermanente.org/news/press-release-archive/dr-patricia-egwuatu-named-to-psbj-40-under-40-list","news","press-release-archive","A2","News article / press release","migrate"
"https://about.kaiserpermanente.org/news/press-release-archive/depression-screening-breast-cancer-patients-jama","news","press-release-archive","A2","News article / press release","migrate"
"https://about.kaiserpermanente.org/news/press-release-archive/decarbonizing-the-health-care-sector","news","press-release-archive","A2","News article / press release","migrate"
"https://about.kaiserpermanente.org/news/press-release-archive/coronavirus-may-double-severe-complications-in-pregnancy","news","press-release-archive","A2","News article / press release","migrate"
"https://about.kaiserpermanente.org/news/press-release-archive/consumer-tech-leader-vivek-sharma-joins-boards-of-directors","news","press-release-archive","A2","News article / press release","migrate"
"https://about.kaiserpermanente.org/news/press-release-archive/strengthening-Hawaiis-food-supply","news","press-release-archive","A2","News article / press release","migrate"
"https://about.kaiserpermanente.org/news/press-release-archive/star-power-named-among-nations-best-medicare-health-plans","news","press-release-archive","A2","News article / press release","migrate"
"https://about.kaiserpermanente.org/news/press-release-archive/extending-mental-health-support-in-schools-","news","press-release-archive","A2","News article / press release","migrate"
"https://about.kaiserpermanente.org/news/press-release-archive/emotional-support-coaching-from-ginger-now-available","news","press-release-archive","A2","News article / press release","migrate"
"https://about.kaiserpermanente.org/news/press-release-archive/employees-celebrated-for-volunteerism","news","press-release-archive","A2","News article / press release","migrate"
"https://about.kaiserpermanente.org/news/press-release-archive/excellence-in-cancer-care","news","press-release-archive","A2","News article / press release","migrate"
"https://about.kaiserpermanente.org/news/press-release-archive/expanded-gun-violence-prevention-efforts","news","press-release-archive","A2","News article / press release","migrate"
"https://about.kaiserpermanente.org/news/press-release-archive/expanding-economic-opportunity-for-hawaii-small-businesses","news","press-release-archive","A2","News article / press release","migrate"
"https://about.kaiserpermanente.org/news/press-release-archive/expanding-food-program-for-severely-ill-coloradans","news","press-release-archive","A2","News article / press release","migrate"
"https://about.kaiserpermanente.org/news/press-release-archive/expanding-medi-cal-enrollment-improving-quality","news","press-release-archive","A2","News article / press release","migrate"
"https://about.kaiserpermanente.org/news/press-release-archive/expanding-support-for-housing-stability","news","press-release-archive","A2","News article / press release","migrate"
"https://about.kaiserpermanente.org/news/press-release-archive/new-approach-reduces-colon-cancer-deaths","news","press-release-archive","A2","News article / press release","migrate"
"https://about.kaiserpermanente.org/news/press-release-archive/fewer-hospitalizations-for-home-based-cardiac-rehab-patients","news","press-release-archive","A2","News article / press release","migrate"
"https://about.kaiserpermanente.org/news/press-release-archive/grant-improves-housing-stability-and-advances-health-equity","news","press-release-archive","A2","News article / press release","migrate"
"https://about.kaiserpermanente.org/news/press-release-archive/grant-strengthens-financial-health-of-local-organizations","news","press-release-archive","A2","News article / press release","migrate"
"https://about.kaiserpermanente.org/news/press-release-archive/grant-to-fund-regional-health-care-career-opportunities","news","press-release-archive","A2","News article / press release","migrate"
"https://about.kaiserpermanente.org/news/press-release-archive/grants-help-spur-economic-opportunity","news","press-release-archive","A2","News article / press release","migrate"
"https://about.kaiserpermanente.org/news/press-release-archive/first-kaiser-permanente-babies-born-at-hca-healthone-rose","news","press-release-archive","A2","News article / press release","migrate"
"https://about.kaiserpermanente.org/news/press-release-archive/parker-opening-kicks-off-new-chapter-colorado","news","press-release-archive","A2","News article / press release","migrate"
"https://about.kaiserpermanente.org/news/press-release-archive/high-quality-care-for-hawaii-mothers-and-babies","news","press-release-archive","A2","News article / press release","migrate"
"https://about.kaiserpermanente.org/news/press-release-archive/kp-is-highest-rated-medicare-health-plan-in-hawaii","news","press-release-archive","A2","News article / press release","migrate"
"https://about.kaiserpermanente.org/news/press-release-archive/grants-increase-access-to-mental-health-programs-for-youth","news","press-release-archive","A2","News article / press release","migrate"
"https://about.kaiserpermanente.org/news/press-release-archive/grants-to-address-health-and-housing-insecurity","news","press-release-archive","A2","News article / press release","migrate"
"https://about.kaiserpermanente.org/news/press-release-archive/grants-totaling-over-122000-address-food-security","news","press-release-archive","A2","News article / press release","migrate"
"https://about.kaiserpermanente.org/news/press-release-archive/paul-minardi-md-named-evp-enterprise-clinical-integration-growth","news","press-release-archive","A2","News article / press release","migrate"
"https://about.kaiserpermanente.org/news/press-release-archive/health-policy-grants-awarded","news","press-release-archive","A2","News article / press release","migrate"
"https://about.kaiserpermanente.org/news/press-release-archive/helping-patients-with-addiction-tackle-their-health-needs","news","press-release-archive","A2","News article / press release","migrate"
"https://about.kaiserpermanente.org/news/press-release-archive/home-hospice-care-service-launched","news","press-release-archive","A2","News article / press release","migrate"
"https://about.kaiserpermanente.org/news/press-release-archive/improving-financial-literacy","news","press-release-archive","A2","News article / press release","migrate"
"https://about.kaiserpermanente.org/news/press-release-archive/improving-maternal-and-child-health","news","press-release-archive","A2","News article / press release","migrate"
"https://about.kaiserpermanente.org/news/press-release-archive/improving-nutrition-reducing-hunger-advancing-health","news","press-release-archive","A2","News article / press release","migrate"
"https://about.kaiserpermanente.org/news/press-release-archive/improving-school-health","news","press-release-archive","A2","News article / press release","migrate"
"https://about.kaiserpermanente.org/news/press-release-archive/improving-the-health-of-the-community","news","press-release-archive","A2","News article / press release","migrate"
"https://about.kaiserpermanente.org/news/press-release-archive/increased-health-care-use-among-patients-after-covid19","news","press-release-archive","A2","News article / press release","migrate"
"https://about.kaiserpermanente.org/news/press-release-archive/increasing-access-to-health-care","news","press-release-archive","A2","News article / press release","migrate"
"https://about.kaiserpermanente.org/news/press-release-archive/increasing-community-resilience-with-disaster-readiness","news","press-release-archive","A2","News article / press release","migrate"
"https://about.kaiserpermanente.org/news/press-release-archive/initiative-improves-mental-health-in-gaming-community","news","press-release-archive","A2","News article / press release","migrate"
"https://about.kaiserpermanente.org/news/press-release-archive/is-blood-pressure-reading-more-accurate-at-home-or-clinic","news","press-release-archive","A2","News article / press release","migrate"
"https://about.kaiserpermanente.org/news/press-release-archive/health-care-scholarships-available0","news","press-release-archive","A2","News article / press release","migrate"
"https://about.kaiserpermanente.org/news/press-release-archive/kahuku-clinic-reopens","news","press-release-archive","A2","News article / press release","migrate"
"https://about.kaiserpermanente.org/news/press-release-archive/kaiser-permanente-and-medical-teams-launch-mobile-services","news","press-release-archive","A2","News article / press release","migrate"
"https://about.kaiserpermanente.org/news/press-release-archive/andrew-bindman-md-named-evp-and-chief-medical-officer","news","press-release-archive","A2","News article / press release","migrate"
"https://about.kaiserpermanente.org/news/press-release-archive/large-study-of-thoracic-aortic-aneurysm-backs-guidelines","news","press-release-archive","A2","News article / press release","migrate"
"https://about.kaiserpermanente.org/news/press-release-archive/leading-ct-technology-now-at-moanalua-medical-center","news","press-release-archive","A2","News article / press release","migrate"
"https://about.kaiserpermanente.org/news/press-release-archive/low-stroke-risk-in-patients-with-very-narrowed-neck-arteries","news","press-release-archive","A2","News article / press release","migrate"
"https://about.kaiserpermanente.org/news/press-release-archive/making-care-more-convenient","news","press-release-archive","A2","News article / press release","migrate"
"https://about.kaiserpermanente.org/news/press-release-archive/medicare-advantage-plan-earns-top-rank","news","press-release-archive","A2","News article / press release","migrate"
"https://about.kaiserpermanente.org/news/press-release-archive/moanalua-medical-center-named-lgbtq--healthcare-equity-leader","news","press-release-archive","A2","News article / press release","migrate"
"https://about.kaiserpermanente.org/news/press-release-archive/moanalua-medical-center-recognized-for-cardiovascular-care","news","press-release-archive","A2","News article / press release","migrate"
"https://about.kaiserpermanente.org/news/press-release-archive/moanalua-medical-center-recognized-for-obstetrics-care","news","press-release-archive","A2","News article / press release","migrate"
"https://about.kaiserpermanente.org/news/press-release-archive/more-exercise-linked-to-less-severe-covid-19-outcomes","news","press-release-archive","A2","News article / press release","migrate"
"https://about.kaiserpermanente.org/news/press-release-archive/cone-health-to-become-part-of-risant-health","news","press-release-archive","A2","News article / press release","migrate"
"https://about.kaiserpermanente.org/news/press-release-archive/addressing-health-and-housing-insecurity","news","press-release-archive","A2","News article / press release","migrate"
"https://about.kaiserpermanente.org/news/press-release-archive/helping-provide-teens-a-brighter-future","news","press-release-archive","A2","News article / press release","migrate"
"https://about.kaiserpermanente.org/news/press-release-archive/honored-for-medication-quality-excellence","news","press-release-archive","A2","News article / press release","migrate"
"https://about.kaiserpermanente.org/news/press-release-archive/leadership-and-innovation-to-prevent-gun-injuries-and-deaths","news","press-release-archive","A2","News article / press release","migrate"
"https://about.kaiserpermanente.org/news/press-release-archive/medical-assistants-help-close-virtual-visit-digital-divide","news","press-release-archive","A2","News article / press release","migrate"
"https://about.kaiserpermanente.org/news/press-release-archive/moanalua-medical-center-recognized-as-high-performing-hospital","news","press-release-archive","A2","News article / press release","migrate"
"https://about.kaiserpermanente.org/news/press-release-archive/kaiser-permanente-commits-25m-to-center-for-gun-violence-research-and-education","news","press-release-archive","A2","News article / press release","migrate"
"https://about.kaiserpermanente.org/news/press-release-archive/kaiser-permanente-commits-up-to-10-million-to-denver-health","news","press-release-archive","A2","News article / press release","migrate"
"https://about.kaiserpermanente.org/news/press-release-archive/local-teens-join-neighbor-island-medical-scholars-program","news","press-release-archive","A2","News article / press release","migrate"
"https://about.kaiserpermanente.org/news/press-release-archive/kaiser-permanente-hospitals-named-among-best-in-nation","news","press-release-archive","A2","News article / press release","migrate"
"https://about.kaiserpermanente.org/news/press-release-archive/nationally-recognized-for-high-quality-cardiovascular-care","news","press-release-archive","A2","News article / press release","migrate"
"https://about.kaiserpermanente.org/news/press-release-archive/jeff-Krawcek-md-named-evp-ceo-kp-medical-foundation","news","press-release-archive","A2","News article / press release","migrate"
"https://about.kaiserpermanente.org/news/press-release-archive/craig-albanese-joins-as-president-integrated-care-coverage","news","press-release-archive","A2","News article / press release","migrate"
"https://about.kaiserpermanente.org/news/press-release-archive/kaiser-permanente-launches-in-nevada-in-2026","news","press-release-archive","A2","News article / press release","migrate"
"https://about.kaiserpermanente.org/news/press-release-archive/kaiser-permanente-nations-best-treatment-prevention-patient-experiences","news","press-release-archive","A2","News article / press release","migrate"
"https://about.kaiserpermanente.org/news/press-release-archive/moanalua-medical-center-40-years-of-excellence-health-care","news","press-release-archive","A2","News article / press release","migrate"
"https://about.kaiserpermanente.org/news/press-release-archive/2026-medicare-star-ratings-kaiser-permanente-health-plans-earn-high-ratings","news","press-release-archive","A2","News article / press release","migrate"
"https://about.kaiserpermanente.org/news/press-release-archive/50000-grant-homeless-at-risk-veterans","news","press-release-archive","A2","News article / press release","migrate"
"https://about.kaiserpermanente.org/news/press-release-archive/strengthening-food-security-across-islands","news","press-release-archive","A2","News article / press release","migrate"
"https://about.kaiserpermanente.org/news/press-release-archive/carrie-owen-plietz-named-group-svp-coo-care-delivery","news","press-release-archive","A2","News article / press release","migrate"
"https://about.kaiserpermanente.org/news/press-release-archive/better-idea-health-care-kaiser-permanentes-2026-rose-parade-float-theme","news","press-release-archive","A2","News article / press release","migrate"
"https://about.kaiserpermanente.org/news/press-release-archive/sustainably-built-lakewood-medical-offices-opening","news","press-release-archive","A2","News article / press release","migrate"
"https://about.kaiserpermanente.org/news/press-release-archive/beth-leonard-joins-kaiser-permanente-as-svp-chief-public-affairs-officer","news","press-release-archive","A2","News article / press release","migrate"
"https://about.kaiserpermanente.org/news/press-release-archive/kaiser-permanente-starts-construction-on-new-oncology-wing","news","press-release-archive","A2","News article / press release","migrate"
"https://about.kaiserpermanente.org/news/press-release-archive/kaiser-permanente-renown-health-complete-joint-venture-serve-northern-nevada","news","press-release-archive","A2","News article / press release","migrate"
"https://about.kaiserpermanente.org/news/press-release-archive/kaiser-permanente-and-raj-sports-set-new-standard-in-care-for-el","news","press-release-archive","A2","News article / press release","migrate"
"https://about.kaiserpermanente.org/news/press-release-archive/kaiser-permanente-risant-health-report-2025-financial-results","news","press-release-archive","A2","News article / press release","migrate"
"https://about.kaiserpermanente.org/news/press-release-archive/kaiser-permanente-names-mike-bowers-president-of-northern-california-region","news","press-release-archive","A2","News article / press release","migrate"
"https://about.kaiserpermanente.org/news/press-release-archive/top-ranked-quality-care-washington-state","news","press-release-archive","A2","News article / press release","migrate"
"https://about.kaiserpermanente.org/news/press-release-archive/kaiser-permanente-breaks-ground-new-hospital-tower-sunnyside-medical-center","news","press-release-archive","A2","News article / press release","migrate"
"https://about.kaiserpermanente.org/news/press-release-archive/inspiring-next-generation-health-care-professionals","news","press-release-archive","A2","News article / press release","migrate"
"https://about.kaiserpermanente.org/news/press-release-archive/greg-berman-md-named-president-and-executive-medical-director","news","press-release-archive","A2","News article / press release","migrate"
"https://about.kaiserpermanente.org/news/press-release-archive/kaiser-permanente-pharmacy-demonstrates-significant-cost-savings","news","press-release-archive","A2","News article / press release","migrate"
"https://about.kaiserpermanente.org/news/press-release-archive/moanalua-medical-center-among-nations-safest-hospitals","news","press-release-archive","A2","News article / press release","migrate"
"https://about.kaiserpermanente.org/news/press-release-archive/moanalua-medical-center-recognized-for-maternity-care","news","press-release-archive","A2","News article / press release","migrate"
"https://about.kaiserpermanente.org/news/press-release-archive/trust-awards-5-million-grant-support-new-cancer-center","news","press-release-archive","A2","News article / press release","migrate"
"https://about.kaiserpermanente.org/news/press-release-archive/new-zoo-experience-helps-families-step-into-something-wild","news","press-release-archive","A2","News article / press release","migrate"
"https://about.kaiserpermanente.org/news/press-release-archive/kaiser-permanente-names-emily-holliman-president-of-mid-atlantic-states-region","news","press-release-archive","A2","News article / press release","migrate"
"https://about.kaiserpermanente.org/news/press-release-archive/kaiser-permanente-invests-150-million-in-california-mental-health-care","news","press-release-archive","A2","News article / press release","migrate"
"https://about.kaiserpermanente.org/news/press-release-archive/kaiser-permanente-opens-its-first-northern-nevada-medical-offices","news","press-release-archive","A2","News article / press release","migrate"
"https://about.kaiserpermanente.org/news/press-release-archive/expanding-access-to-care-west-maui","news","press-release-archive","A2","News article / press release","migrate"
"https://about.kaiserpermanente.org/news/press-release-archive/newsweek-recognizes-moanalua-medical-center-for-cancer-care","news","press-release-archive","A2","News article / press release","migrate"
"https://about.kaiserpermanente.org/news/press-release-archive/kaiser-permanente-invests-10-million-to-expand-youth-mental-health-peer-support","news","press-release-archive","A2","News article / press release","migrate"
"https://about.kaiserpermanente.org/news/press-release-archive/cortney-eisses-named-regional-president-kaiser-permanente-colorado","news","press-release-archive","A2","News article / press release","migrate"
"https://about.kaiserpermanente.org/news/press-release-archive/37-kaiser-permanente-hospitals-recognized-by-us-news-world-report","news","press-release-archive","A2","News article / press release","migrate"
"https://about.kaiserpermanente.org/news/press-release-archive/kaiser-permanente-commits-25-million-to-martin-luther-king-jr-community-hospital","news","press-release-archive","A2","News article / press release","migrate"
"https://about.kaiserpermanente.org/news/press-release-archive/kaiser-permanente-uh-manoa-mental-health-workforce","news","press-release-archive","A2","News article / press release","migrate"
"https://about.kaiserpermanente.org/news/expanding-access-to-cancer-care-in-southern-california","news","expanding-access-to-cancer-care-in-southern-california","A2","News article / press release","migrate"
"https://about.kaiserpermanente.org/news/making-cancer-care-more-convenient-in-southern-california","news","making-cancer-care-more-convenient-in-southern-california","A2","News article / press release","migrate"
"https://about.kaiserpermanente.org/news/kaiser-foundation-health-plan-and-hospitals-q1-2024-financials","news","kaiser-foundation-health-plan-and-hospitals-q1-2024-financials","A2","News article / press release","migrate"
"https://about.kaiserpermanente.org/news/medical-school-milestone","news","medical-school-milestone","A2","News article / press release","migrate"
"https://about.kaiserpermanente.org/news/medical-device-tracking-improves-patient-care","news","medical-device-tracking-improves-patient-care","A2","News article / press release","migrate"
"https://about.kaiserpermanente.org/news/breaking-ground-on-bigger-better-offices-in-parker","news","breaking-ground-on-bigger-better-offices-in-parker","A2","News article / press release","migrate"
"https://about.kaiserpermanente.org/news/ai-in-health-care-7-principles-of-responsible-use","news","ai-in-health-care-7-principles-of-responsible-use","A2","News article / press release","migrate"
"https://about.kaiserpermanente.org/news/kaiser-foundation-health-plan-and-hospitals-q2-2024-financials","news","kaiser-foundation-health-plan-and-hospitals-q2-2024-financials","A2","News article / press release","migrate"
"https://about.kaiserpermanente.org/news/we-honor-and-celebrate-our-workforce-this-labor-day","news","we-honor-and-celebrate-our-workforce-this-labor-day","A2","News article / press release","migrate"
"https://about.kaiserpermanente.org/news/simulation-program-lets-students-explore-health-care-careers","news","simulation-program-lets-students-explore-health-care-careers","A2","News article / press release","migrate"
"https://about.kaiserpermanente.org/news/final-beams-placed-at-parker-medical-offices","news","final-beams-placed-at-parker-medical-offices","A2","News article / press release","migrate"
"https://about.kaiserpermanente.org/news/buprenorphine-saves-lives-why-cant-more-patients-get-it","news","buprenorphine-saves-lives-why-cant-more-patients-get-it","A2","News article / press release","migrate"
"https://about.kaiserpermanente.org/news/groundbreaking-at-new-medical-offices-in-pueblo","news","groundbreaking-at-new-medical-offices-in-pueblo","A2","News article / press release","migrate"
"https://about.kaiserpermanente.org/news/cancer-rates-are-rising-in-younger-age-groups","news","cancer-rates-are-rising-in-younger-age-groups","A2","News article / press release","migrate"
"https://about.kaiserpermanente.org/news/first-look-at-new-lakewood-facilities","news","first-look-at-new-lakewood-facilities","A2","News article / press release","migrate"
"https://about.kaiserpermanente.org/news/congress-can-keep-millions-of-people-insured","news","congress-can-keep-millions-of-people-insured","A2","News article / press release","migrate"
"https://about.kaiserpermanente.org/news/our-colorado-health-plans-earn-national-accolades","news","our-colorado-health-plans-earn-national-accolades","A2","News article / press release","migrate"
"https://about.kaiserpermanente.org/news/recruitment-and-retention-in-behavioral-health","news","recruitment-and-retention-in-behavioral-health","A2","News article / press release","migrate"
"https://about.kaiserpermanente.org/news/kaiser-foundation-health-plan-and-hospitals-q3-2024-financial-up","news","kaiser-foundation-health-plan-and-hospitals-q3-2024-financial-up","A2","News article / press release","migrate"
"https://about.kaiserpermanente.org/news/medicare-telehealth-flexibilities-should-be-here-to-stay","news","medicare-telehealth-flexibilities-should-be-here-to-stay","A2","News article / press release","migrate"
"https://about.kaiserpermanente.org/news/accelerating-growth-in-the-mental-health-care-workforce","news","accelerating-growth-in-the-mental-health-care-workforce","A2","News article / press release","migrate"
"https://about.kaiserpermanente.org/news/kaiser-permanente-and-ufcw-local-7","news","kaiser-permanente-and-ufcw-local-7","A2","News article / press release","migrate"
"https://about.kaiserpermanente.org/news/why-the-us-needs-more-community-health-workers","news","why-the-us-needs-more-community-health-workers","A2","News article / press release","migrate"
"https://about.kaiserpermanente.org/news/colorado-health-and-wellbeing-policies-recognized","news","colorado-health-and-wellbeing-policies-recognized","A2","News article / press release","migrate"
"https://about.kaiserpermanente.org/news/nations-health-suffers-congress-cuts-medicaid","news","nations-health-suffers-congress-cuts-medicaid","A2","News article / press release","migrate"
"https://about.kaiserpermanente.org/news/honoring-our-extraordinary-nurses","news","honoring-our-extraordinary-nurses","A2","News article / press release","migrate"
"https://about.kaiserpermanente.org/news/kaiser-permanente-hawaii-cures-1000th-patient-hepatitis-c","news","kaiser-permanente-hawaii-cures-1000th-patient-hepatitis-c","A2","News article / press release","migrate"
"https://about.kaiserpermanente.org/news/remembering-bill-coggins-and-his-lasting-legacy","news","remembering-bill-coggins-and-his-lasting-legacy","A2","News article / press release","migrate"
"https://about.kaiserpermanente.org/news/member-celebrates-100th-birthday-with-care-team","news","member-celebrates-100th-birthday-with-care-team","A2","News article / press release","migrate"
"https://about.kaiserpermanente.org/news/our-nations-health-depends-on-coverage","news","our-nations-health-depends-on-coverage","A2","News article / press release","migrate"
"https://about.kaiserpermanente.org/news/congress-must-protect-medicaid-insurance-tax-credits","news","congress-must-protect-medicaid-insurance-tax-credits","A2","News article / press release","migrate"
"https://about.kaiserpermanente.org/news/providing-care-to-trauma-survivors","news","providing-care-to-trauma-survivors","A2","News article / press release","migrate"
"https://about.kaiserpermanente.org/news/healing-the-human-spirit","news","healing-the-human-spirit","A2","News article / press release","migrate"
"https://about.kaiserpermanente.org/news/when-your-care-team-asks-what-matters-to-you","news","when-your-care-team-asks-what-matters-to-you","A2","News article / press release","migrate"
"https://about.kaiserpermanente.org/news/celebrate-national-nurses-week-with-me","news","celebrate-national-nurses-week-with-me","A2","News article / press release","migrate"
"https://about.kaiserpermanente.org/news/for-the-media","news","for-the-media","A2","News article / press release","migrate"
"https://about.kaiserpermanente.org/news/accolades-and-awards","news","accolades-and-awards","A2","News article / press release","migrate"
"https://about.kaiserpermanente.org/news/want-to-lower-drug-prices-reform-the-us-patent-system","news","want-to-lower-drug-prices-reform-the-us-patent-system","A2","News article / press release","migrate"
"https://about.kaiserpermanente.org/news/we-are-a-fast-company-innovation-by-design-winner","news","we-are-a-fast-company-innovation-by-design-winner","A2","News article / press release","migrate"
"https://about.kaiserpermanente.org/news/honored-for-supporting-people-with-disabilities","news","honored-for-supporting-people-with-disabilities","A2","News article / press release","migrate"
"https://about.kaiserpermanente.org/news/kaiser-foundation-health-plan-and-hospitals-q3-2019-financial-update","news","kaiser-foundation-health-plan-and-hospitals-q3-2019-financial-update","A2","News article / press release","migrate"
"https://about.kaiserpermanente.org/news/kaiser-foundation-health-plan-and-hospitals-q1-2020-financial-up","news","kaiser-foundation-health-plan-and-hospitals-q1-2020-financial-up","A2","News article / press release","migrate"
"https://about.kaiserpermanente.org/news/kaiser-foundation-health-plan-and-hospitals-q2-2020-financial-update","news","kaiser-foundation-health-plan-and-hospitals-q2-2020-financial-update","A2","News article / press release","migrate"
"https://about.kaiserpermanente.org/news/yazdi-bagli-named-evp-enterprise-business-services","news","yazdi-bagli-named-evp-enterprise-business-services","A2","News article / press release","migrate"
"https://about.kaiserpermanente.org/news/thriving-as-a-military-veteran-at-kaiser-permanente","news","thriving-as-a-military-veteran-at-kaiser-permanente","A2","News article / press release","migrate"
"https://about.kaiserpermanente.org/news/kaiser-foundation-health-plan-and-hospitals-q3-2020-financial-update","news","kaiser-foundation-health-plan-and-hospitals-q3-2020-financial-update","A2","News article / press release","migrate"
"https://about.kaiserpermanente.org/news/kaiser-foundation-health-plan-and-hospitals-q1-2021-financial-update","news","kaiser-foundation-health-plan-and-hospitals-q1-2021-financial-update","A2","News article / press release","migrate"
"https://about.kaiserpermanente.org/news/kaiser-foundation-health-plan-and-hospitals-q2-2021-financial-update","news","kaiser-foundation-health-plan-and-hospitals-q2-2021-financial-update","A2","News article / press release","migrate"
"https://about.kaiserpermanente.org/news/kaiser-foundation-health-plan-and-hospitals-q3-2021-financial-update","news","kaiser-foundation-health-plan-and-hospitals-q3-2021-financial-update","A2","News article / press release","migrate"
"https://about.kaiserpermanente.org/news/bechara-choucair-md-returns-as-chief-health-officer","news","bechara-choucair-md-returns-as-chief-health-officer","A2","News article / press release","migrate"
"https://about.kaiserpermanente.org/news/leading-in-sustainable-building-design","news","leading-in-sustainable-building-design","A2","News article / press release","migrate"
"https://about.kaiserpermanente.org/news/kaiser-foundation-health-plan-and-hospitals-q1-2022-financial-update","news","kaiser-foundation-health-plan-and-hospitals-q1-2022-financial-update","A2","News article / press release","migrate"
"https://about.kaiserpermanente.org/news/kaiser-foundation-health-plan-and-hospitals-q2-2022-financials","news","kaiser-foundation-health-plan-and-hospitals-q2-2022-financials","A2","News article / press release","migrate"
"https://about.kaiserpermanente.org/news/safe-travels-our-members-now-have-more-care-options","news","safe-travels-our-members-now-have-more-care-options","A2","News article / press release","migrate"
"https://about.kaiserpermanente.org/news/kaiser-foundation-health-plan-and-hospitals-q3-2022-financial-update","news","kaiser-foundation-health-plan-and-hospitals-q3-2022-financial-update","A2","News article / press release","migrate"
"https://about.kaiserpermanente.org/news/our-support-of-a-new-public-health-and-pandemic-response-law","news","our-support-of-a-new-public-health-and-pandemic-response-law","A2","News article / press release","migrate"
"https://about.kaiserpermanente.org/news/beyond-advocacy-requiring-vaccination-to-stop-covid-19","news","beyond-advocacy-requiring-vaccination-to-stop-covid-19","A2","News article / press release","migrate"
"https://about.kaiserpermanente.org/news/can-the-badly-broken-prescription-drug-market-be-fixed","news","can-the-badly-broken-prescription-drug-market-be-fixed","A2","News article / press release","migrate"
"https://about.kaiserpermanente.org/news/our-commitment-to-equity-and-our-lgbtqia-communities","news","our-commitment-to-equity-and-our-lgbtqia-communities","A2","News article / press release","migrate"
"https://about.kaiserpermanente.org/news/pharmaceutical-marketing-hurts-patients-care","news","pharmaceutical-marketing-hurts-patients-care","A2","News article / press release","migrate"
"https://about.kaiserpermanente.org/news/our-support-for-the-inflation-reduction-act","news","our-support-for-the-inflation-reduction-act","A2","News article / press release","migrate"
"https://about.kaiserpermanente.org/news/voter-participation-advances-equity","news","voter-participation-advances-equity","A2","News article / press release","migrate"
"https://about.kaiserpermanente.org/news/protecting-access-to-medical-care-for-legal-immigrants","news","protecting-access-to-medical-care-for-legal-immigrants","A2","News article / press release","migrate"
"https://about.kaiserpermanente.org/news/its-time-to-rethink-health-care-quality-measurment","news","its-time-to-rethink-health-care-quality-measurment","A2","News article / press release","migrate"
"https://about.kaiserpermanente.org/news/best-place-to-work-lgbtq-equality","news","best-place-to-work-lgbtq-equality","A2","News article / press release","migrate"
"https://about.kaiserpermanente.org/news/leader-in-lgbtq-health-care-equality","news","leader-in-lgbtq-health-care-equality","A2","News article / press release","migrate"
"https://about.kaiserpermanente.org/news/readers-agree-olympia-medical-center-is-tops","news","readers-agree-olympia-medical-center-is-tops","A2","News article / press release","migrate"
"https://about.kaiserpermanente.org/news/hawaii-hospital-named-one-of-americas-best-stroke-centers","news","hawaii-hospital-named-one-of-americas-best-stroke-centers","A2","News article / press release","migrate"
"https://about.kaiserpermanente.org/news/highest-rated-everywhere-we-serve","news","highest-rated-everywhere-we-serve","A2","News article / press release","migrate"
"https://about.kaiserpermanente.org/news/our-california-health-plans-honored-with-top-ratings","news","our-california-health-plans-honored-with-top-ratings","A2","News article / press release","migrate"
"https://about.kaiserpermanente.org/news/lawmakers-must-act-to-boost-telehealth-and-digital-equity","news","lawmakers-must-act-to-boost-telehealth-and-digital-equity","A2","News article / press release","migrate"
"https://about.kaiserpermanente.org/news/expanding-gun-violence-prevention-efforts","news","expanding-gun-violence-prevention-efforts","A2","News article / press release","migrate"
"https://about.kaiserpermanente.org/news/supporting-a-safer-future-with-public-health","news","supporting-a-safer-future-with-public-health","A2","News article / press release","migrate"
"https://about.kaiserpermanente.org/news/covid19-public-health-emergency-ending-what-will-change","news","covid19-public-health-emergency-ending-what-will-change","A2","News article / press release","migrate"
"https://about.kaiserpermanente.org/news/collaboration-is-key-to-keeping-people-insured","news","collaboration-is-key-to-keeping-people-insured","A2","News article / press release","migrate"
"https://about.kaiserpermanente.org/news/risant-health-launches-with-geisinger","news","risant-health-launches-with-geisinger","A2","News article / press release","migrate"
"https://about.kaiserpermanente.org/news/risant-health-captures-national-attention","news","risant-health-captures-national-attention","A2","News article / press release","migrate"
"https://about.kaiserpermanente.org/news/kaiser-foundation-health-plan-and-hospitals-q1-2023-financials","news","kaiser-foundation-health-plan-and-hospitals-q1-2023-financials","A2","News article / press release","migrate"
"https://about.kaiserpermanente.org/news/the-us-needs-more-mental-health-workers-how-we-re-helping","news","the-us-needs-more-mental-health-workers-how-we-re-helping","A2","News article / press release","migrate"
"https://about.kaiserpermanente.org/news/managing-trauma-does-not-need-to-be-traumatic","news","managing-trauma-does-not-need-to-be-traumatic","A2","News article / press release","migrate"
"https://about.kaiserpermanente.org/news/accelerating-value-in-health-care","news","accelerating-value-in-health-care","A2","News article / press release","migrate"
"https://about.kaiserpermanente.org/news/gold-standard-of-nursing-excellence","news","gold-standard-of-nursing-excellence","A2","News article / press release","migrate"
"https://about.kaiserpermanente.org/news/policy-recommendations-from-a-mental-health-therapist-in-training","news","policy-recommendations-from-a-mental-health-therapist-in-training","A2","News article / press release","migrate"
"https://about.kaiserpermanente.org/news/honored-for-commitment-to-people-with-disabilities","news","honored-for-commitment-to-people-with-disabilities","A2","News article / press release","migrate"
"https://about.kaiserpermanente.org/news/making-waves-to-empower-young-girls","news","making-waves-to-empower-young-girls","A2","News article / press release","migrate"
"https://about.kaiserpermanente.org/news/special-olympics-athletes-go-for-the-gold","news","special-olympics-athletes-go-for-the-gold","A2","News article / press release","migrate"
"https://about.kaiserpermanente.org/news/our-commitment-to-equity","news","our-commitment-to-equity","A2","News article / press release","migrate"
"https://about.kaiserpermanente.org/news/our-response-to-supreme-court-ruling-on-lgbtqia-protections","news","our-response-to-supreme-court-ruling-on-lgbtqia-protections","A2","News article / press release","migrate"
"https://about.kaiserpermanente.org/news/a-compassionate-approach-is-saving-lives-and-rebuilding-hope","news","a-compassionate-approach-is-saving-lives-and-rebuilding-hope","A2","News article / press release","migrate"
"https://about.kaiserpermanente.org/news/our-prescription-for-safe-effective-more-affordable-drugs","news","our-prescription-for-safe-effective-more-affordable-drugs","A2","News article / press release","migrate"
"https://about.kaiserpermanente.org/news/kaiser-foundation-health-plan-and-hospitals-q2-2023-financials","news","kaiser-foundation-health-plan-and-hospitals-q2-2023-financials","A2","News article / press release","migrate"
"https://about.kaiserpermanente.org/news/kaiser-permanente-opens-new-medical-center-in-san-marcos","news","kaiser-permanente-opens-new-medical-center-in-san-marcos","A2","News article / press release","migrate"
"https://about.kaiserpermanente.org/news/celebrating-a-decade-of-healing-in-oregon","news","celebrating-a-decade-of-healing-in-oregon","A2","News article / press release","migrate"
"https://about.kaiserpermanente.org/news/supporting-the-people-of-maui","news","supporting-the-people-of-maui","A2","News article / press release","migrate"
"https://about.kaiserpermanente.org/news/engaging-the-future-health-care-workforce","news","engaging-the-future-health-care-workforce","A2","News article / press release","migrate"
"https://about.kaiserpermanente.org/news/advancing-mental-health-crisis-care-through-public-policy","news","advancing-mental-health-crisis-care-through-public-policy","A2","News article / press release","migrate"
"https://about.kaiserpermanente.org/news/greg-holmes-appointed-chief-human-resources-officer","news","greg-holmes-appointed-chief-human-resources-officer","A2","News article / press release","migrate"
"https://about.kaiserpermanente.org/news/an-easier-way-to-manage-multiple-prescriptions","news","an-easier-way-to-manage-multiple-prescriptions","A2","News article / press release","migrate"
"https://about.kaiserpermanente.org/news/our-commitment-to-transforming-mental-health-care-in-california","news","our-commitment-to-transforming-mental-health-care-in-california","A2","News article / press release","migrate"
"https://about.kaiserpermanente.org/news/the-future-of-health-care-is-digital","news","the-future-of-health-care-is-digital","A2","News article / press release","migrate"
"https://about.kaiserpermanente.org/news/kaiser-foundation-health-plan-and-hospitals-q3-2023-financials","news","kaiser-foundation-health-plan-and-hospitals-q3-2023-financials","A2","News article / press release","migrate"
"https://about.kaiserpermanente.org/news/congress-must-act-to-address-drug-shortages","news","congress-must-act-to-address-drug-shortages","A2","News article / press release","migrate"
"https://about.kaiserpermanente.org/news/funding-solutions-to-end-gun-violence","news","funding-solutions-to-end-gun-violence","A2","News article / press release","migrate"
"https://about.kaiserpermanente.org/news/addressing-the-shortage-of-mental-health-workers","news","addressing-the-shortage-of-mental-health-workers","A2","News article / press release","migrate"
"https://about.kaiserpermanente.org/news/international-recognition-affirms-our-superior-care","news","international-recognition-affirms-our-superior-care","A2","News article / press release","migrate"
"https://about.kaiserpermanente.org/news/solutions-for-strengthening-the-mental-health-care-workforce","news","solutions-for-strengthening-the-mental-health-care-workforce","A2","News article / press release","migrate"
"https://about.kaiserpermanente.org/news/proposition-1-would-bolster-mental-health-care-in-california","news","proposition-1-would-bolster-mental-health-care-in-california","A2","News article / press release","migrate"
"https://about.kaiserpermanente.org/news/a-call-to-connect-to-uncover-the-causes-of-cancer","news","a-call-to-connect-to-uncover-the-causes-of-cancer","A2","News article / press release","migrate"
"https://about.kaiserpermanente.org/news/fostering-responsible-ai-in-health-care","news","fostering-responsible-ai-in-health-care","A2","News article / press release","migrate"
"https://about.kaiserpermanente.org/news/donations-assure-access-to-affordable-health-care","news","donations-assure-access-to-affordable-health-care","A2","News article / press release","migrate"
"https://about.kaiserpermanente.org/news/national-doctors-day-sending-thanks-to-our-physicians","news","national-doctors-day-sending-thanks-to-our-physicians","A2","News article / press release","migrate"
"https://about.kaiserpermanente.org/news/martin-luther-king-jrs-dream-is-alive-at-kaiser-permanente","news","martin-luther-king-jrs-dream-is-alive-at-kaiser-permanente","A2","News article / press release","migrate"
"https://about.kaiserpermanente.org/news/its-time-to-address-americas-black-maternal-health-crisis","news","its-time-to-address-americas-black-maternal-health-crisis","A2","News article / press release","migrate"
"https://about.kaiserpermanente.org/news/new-dean-named-for-our-school-of-medicine","news","new-dean-named-for-our-school-of-medicine","A2","News article / press release","migrate"
"https://about.kaiserpermanente.org/news/we-re-rising-up-to-help-prevent-falls","news","we-re-rising-up-to-help-prevent-falls","A2","News article / press release","migrate"
"https://about.kaiserpermanente.org/news/celebrating-our-extraordinary-nurses","news","celebrating-our-extraordinary-nurses","A2","News article / press release","migrate"
"https://about.kaiserpermanente.org/news/our-award-winning-volunteers","news","our-award-winning-volunteers","A2","News article / press release","migrate"
"https://about.kaiserpermanente.org/news/kaiser-permanente-and-risant-health-q1-2025-financial-update","news","kaiser-permanente-and-risant-health-q1-2025-financial-update","A2","News article / press release","migrate"
"https://about.kaiserpermanente.org/news/employee-honored-for-bridging-tech-gaps-in-communities","news","employee-honored-for-bridging-tech-gaps-in-communities","A2","News article / press release","migrate"
"https://about.kaiserpermanente.org/news/trust-unlocks-ai-potential-health-care","news","trust-unlocks-ai-potential-health-care","A2","News article / press release","migrate"
"https://about.kaiserpermanente.org/news/spreading-the-truth-about-flavored-tobacco-and-youth-vaping","news","spreading-the-truth-about-flavored-tobacco-and-youth-vaping","A2","News article / press release","migrate"
"https://about.kaiserpermanente.org/news/solid-foundation-how-construction-careers-support-health","news","solid-foundation-how-construction-careers-support-health","A2","News article / press release","migrate"
"https://about.kaiserpermanente.org/news/having-a-roof-over-your-head-is-a-must-for-patient-health","news","having-a-roof-over-your-head-is-a-must-for-patient-health","A2","News article / press release","migrate"
"https://about.kaiserpermanente.org/news/inspiring-a-wave-of-wellness-with-youth","news","inspiring-a-wave-of-wellness-with-youth","A2","News article / press release","migrate"
"https://about.kaiserpermanente.org/news/climate-change-is-already-affecting-our-health","news","climate-change-is-already-affecting-our-health","A2","News article / press release","migrate"
"https://about.kaiserpermanente.org/news/building-healthy-communities-through-play","news","building-healthy-communities-through-play","A2","News article / press release","migrate"
"https://about.kaiserpermanente.org/news/committed-to-mentorship-mental-health-and-communities","news","committed-to-mentorship-mental-health-and-communities","A2","News article / press release","migrate"
"https://about.kaiserpermanente.org/news/higher-survival-rates-for-our-patients-with-colon-cancer","news","higher-survival-rates-for-our-patients-with-colon-cancer","A2","News article / press release","migrate"
"https://about.kaiserpermanente.org/news/cancer-research-the-role-of-immunotherapy","news","cancer-research-the-role-of-immunotherapy","A2","News article / press release","migrate"
"https://about.kaiserpermanente.org/news/beyond-clinic-walls--research-supporting-healthy-communities","news","beyond-clinic-walls--research-supporting-healthy-communities","A2","News article / press release","migrate"
"https://about.kaiserpermanente.org/news/leading-research-with-gratitude","news","leading-research-with-gratitude","A2","News article / press release","migrate"
"https://about.kaiserpermanente.org/news/take-a-break-from-cannabis-while-expecting-study-suggests","news","take-a-break-from-cannabis-while-expecting-study-suggests","A2","News article / press release","migrate"
"https://about.kaiserpermanente.org/news/joining-a-national-effort-to-test-news-ways-to-find-cancer","news","joining-a-national-effort-to-test-news-ways-to-find-cancer","A2","News article / press release","migrate"
"https://about.kaiserpermanente.org/news/our-nations-health-depends-on-well-funded-research","news","our-nations-health-depends-on-well-funded-research","A2","News article / press release","migrate"
"https://about.kaiserpermanente.org/news/study-shows-new-way-to-prevent-suicides","news","study-shows-new-way-to-prevent-suicides","A2","News article / press release","migrate"
"https://about.kaiserpermanente.org/news/aging-with-hiv-research-finds-increased-risk-of-dementia","news","aging-with-hiv-research-finds-increased-risk-of-dementia","A2","News article / press release","migrate"
"https://about.kaiserpermanente.org/news/Grant-to-aloha-harvest-supports-food-security","news","Grant-to-aloha-harvest-supports-food-security","A2","News article / press release","migrate"
"https://about.kaiserpermanente.org/news/good-health-requires-more-than-health-care","news","good-health-requires-more-than-health-care","A2","News article / press release","migrate"
"https://about.kaiserpermanente.org/news/social-health-help-is-just-a-click-or-call-away","news","social-health-help-is-just-a-click-or-call-away","A2","News article / press release","migrate"
"https://about.kaiserpermanente.org/news/denver-unveils-health-clinic-air-monitors","news","denver-unveils-health-clinic-air-monitors","A2","News article / press release","migrate"
"https://about.kaiserpermanente.org/news/good-health-starts-in-our-communities-2022-by-the-numbers","news","good-health-starts-in-our-communities-2022-by-the-numbers","A2","News article / press release","migrate"
"https://about.kaiserpermanente.org/news/housing-help-brings-stability-to-patients-lives","news","housing-help-brings-stability-to-patients-lives","A2","News article / press release","migrate"
"https://about.kaiserpermanente.org/news/building-bonds-and-breaking-barriers-through-sport","news","building-bonds-and-breaking-barriers-through-sport","A2","News article / press release","migrate"
"https://about.kaiserpermanente.org/news/when-health-and-housing-combine-good-things-happen","news","when-health-and-housing-combine-good-things-happen","A2","News article / press release","migrate"
"https://about.kaiserpermanente.org/news/healthy-environment-healthy-people-earth-day-and-every-day","news","healthy-environment-healthy-people-earth-day-and-every-day","A2","News article / press release","migrate"
"https://about.kaiserpermanente.org/news/addressing-mental-health-trauma-in-a-local-community","news","addressing-mental-health-trauma-in-a-local-community","A2","News article / press release","migrate"
"https://about.kaiserpermanente.org/news/kaiser-permanente-commits-up-to-10-million-to-denver-health","news","kaiser-permanente-commits-up-to-10-million-to-denver-health","A2","News article / press release","migrate"
"https://about.kaiserpermanente.org/news/engaging-businesses-for-action-on-climate-and-health-equity","news","engaging-businesses-for-action-on-climate-and-health-equity","A2","News article / press release","migrate"
"https://about.kaiserpermanente.org/news/helping-entrepreneurs-in-underresourced-communities","news","helping-entrepreneurs-in-underresourced-communities","A2","News article / press release","migrate"
"https://about.kaiserpermanente.org/news/joining-forces-to-improve-community-health","news","joining-forces-to-improve-community-health","A2","News article / press release","migrate"
"https://about.kaiserpermanente.org/news/ten-school-districts-receive-next-round-of-rise-grants","news","ten-school-districts-receive-next-round-of-rise-grants","A2","News article / press release","migrate"
"https://about.kaiserpermanente.org/news/highlighting-our-community-health-work-in-southern-california","news","highlighting-our-community-health-work-in-southern-california","A2","News article / press release","migrate"
"https://about.kaiserpermanente.org/news/grants-improve-the-total-health-of-our-communities","news","grants-improve-the-total-health-of-our-communities","A2","News article / press release","migrate"
"https://about.kaiserpermanente.org/news/bridging-the-mental-health-gap","news","bridging-the-mental-health-gap","A2","News article / press release","migrate"
"https://about.kaiserpermanente.org/news/pathways-out-of-homelessness","news","pathways-out-of-homelessness","A2","News article / press release","migrate"
"https://about.kaiserpermanente.org/news/meet-our-2023-to-2024-public-health-fellows","news","meet-our-2023-to-2024-public-health-fellows","A2","News article / press release","migrate"
"https://about.kaiserpermanente.org/news/championing-inclusivity-at-the-fall-games","news","championing-inclusivity-at-the-fall-games","A2","News article / press release","migrate"
"https://about.kaiserpermanente.org/news/empowering-minds-to-help-others-thrive","news","empowering-minds-to-help-others-thrive","A2","News article / press release","migrate"
"https://about.kaiserpermanente.org/news/expanding-medical-social-and-educational-services-in-watts","news","expanding-medical-social-and-educational-services-in-watts","A2","News article / press release","migrate"
"https://about.kaiserpermanente.org/news/addressing-hunger-and-nutrition-to-improve-health","news","addressing-hunger-and-nutrition-to-improve-health","A2","News article / press release","migrate"
"https://about.kaiserpermanente.org/news/hoops-hopes-and-healthy-living","news","hoops-hopes-and-healthy-living","A2","News article / press release","migrate"
"https://about.kaiserpermanente.org/news/what-i-want-you-to-know-about-climate-change-9-stories","news","what-i-want-you-to-know-about-climate-change-9-stories","A2","News article / press release","migrate"
"https://about.kaiserpermanente.org/news/patients-can-apply-for-help-with-medical-bills","news","patients-can-apply-for-help-with-medical-bills","A2","News article / press release","migrate"
"https://about.kaiserpermanente.org/news/former-employee-honored-for-supporting-south-la-families","news","former-employee-honored-for-supporting-south-la-families","A2","News article / press release","migrate"
"https://about.kaiserpermanente.org/news/program-helps-member-prioritize-her-health","news","program-helps-member-prioritize-her-health","A2","News article / press release","migrate"
"https://about.kaiserpermanente.org/news/building-partnerships-to-inspire-the-next-generation","news","building-partnerships-to-inspire-the-next-generation","A2","News article / press release","migrate"
"https://about.kaiserpermanente.org/news/boosting-both-mental-and-physical-vibes-for-students-and-staff","news","boosting-both-mental-and-physical-vibes-for-students-and-staff","A2","News article / press release","migrate"
"https://about.kaiserpermanente.org/news/is-your-local-school-one-of-americas-healthiest","news","is-your-local-school-one-of-americas-healthiest","A2","News article / press release","migrate"
"https://about.kaiserpermanente.org/news/our-award-winning-volunteers-make-communities-better","news","our-award-winning-volunteers-make-communities-better","A2","News article / press release","migrate"
"https://about.kaiserpermanente.org/news/inspiring-students-to-take-charge-of-their-health","news","inspiring-students-to-take-charge-of-their-health","A2","News article / press release","migrate"
"https://about.kaiserpermanente.org/news/operation-splash-makes-a-splash-for-safe-summer-fun","news","operation-splash-makes-a-splash-for-safe-summer-fun","A2","News article / press release","migrate"
"https://about.kaiserpermanente.org/news/a-heart-for-helping-others","news","a-heart-for-helping-others","A2","News article / press release","migrate"
"https://about.kaiserpermanente.org/news/collaboration-transforms-care-for-older-adults","news","collaboration-transforms-care-for-older-adults","A2","News article / press release","migrate"
"https://about.kaiserpermanente.org/news/increasing-resources-to-house-single-parent-families","news","increasing-resources-to-house-single-parent-families","A2","News article / press release","migrate"
"https://about.kaiserpermanente.org/news/more-trees-and-cleaner-air-improve-health-research-shows","news","more-trees-and-cleaner-air-improve-health-research-shows","A2","News article / press release","migrate"
"https://about.kaiserpermanente.org/news/a-new-lease-on-life","news","a-new-lease-on-life","A2","News article / press release","migrate"
"https://about.kaiserpermanente.org/news/living-longer-and-better-lives","news","living-longer-and-better-lives","A2","News article / press release","migrate"
"https://about.kaiserpermanente.org/news/reducing-cultural-barriers-to-food-security","news","reducing-cultural-barriers-to-food-security","A2","News article / press release","migrate"
"https://about.kaiserpermanente.org/news/grant-to-help-make-school-lunches-healthier-for-kids","news","grant-to-help-make-school-lunches-healthier-for-kids","A2","News article / press release","migrate"
"https://about.kaiserpermanente.org/news/transforming-education-and-mental-health-in-watts","news","transforming-education-and-mental-health-in-watts","A2","News article / press release","migrate"
"https://about.kaiserpermanente.org/news/teacher-residency-program-improves-retention-and-diversity","news","teacher-residency-program-improves-retention-and-diversity","A2","News article / press release","migrate"
"https://about.kaiserpermanente.org/news/building-a-healthier-watts","news","building-a-healthier-watts","A2","News article / press release","migrate"
"https://about.kaiserpermanente.org/news/traumatized-children-find-mental-health-therapy-beneficial","news","traumatized-children-find-mental-health-therapy-beneficial","A2","News article / press release","migrate"
"https://about.kaiserpermanente.org/news/our-dedication-to-fostering-wellbeing-and-equity","news","our-dedication-to-fostering-wellbeing-and-equity","A2","News article / press release","migrate"
"https://about.kaiserpermanente.org/news/commitment-to-community-health-and-sports-excellence","news","commitment-to-community-health-and-sports-excellence","A2","News article / press release","migrate"
"https://about.kaiserpermanente.org/news/paid-internships-support-future-public-health-leaders","news","paid-internships-support-future-public-health-leaders","A2","News article / press release","migrate"
"https://about.kaiserpermanente.org/news/health-care-coverage-now-accessible-to-uninsured-people","news","health-care-coverage-now-accessible-to-uninsured-people","A2","News article / press release","migrate"
"https://about.kaiserpermanente.org/news/soccer-star-scores-big-with-pediatric-patients","news","soccer-star-scores-big-with-pediatric-patients","A2","News article / press release","migrate"
"https://about.kaiserpermanente.org/news/grants-support-colorado-safe-futures-fund","news","grants-support-colorado-safe-futures-fund","A2","News article / press release","migrate"
"https://about.kaiserpermanente.org/news/food-medicine-summit-focuses-opportunities-challenges","news","food-medicine-summit-focuses-opportunities-challenges","A2","News article / press release","migrate"
"https://about.kaiserpermanente.org/news/collaborative-project-helps-health-care-workers-find-a-home","news","collaborative-project-helps-health-care-workers-find-a-home","A2","News article / press release","migrate"
"https://about.kaiserpermanente.org/news/Helping-to-build-and-support-inclusive-communities","news","Helping-to-build-and-support-inclusive-communities","A2","News article / press release","migrate"
"https://about.kaiserpermanente.org/news/celebrating-strength-and-spirit-with-olympic-champion","news","celebrating-strength-and-spirit-with-olympic-champion","A2","News article / press release","migrate"
"https://about.kaiserpermanente.org/news/linking-isolated-communities-to-care","news","linking-isolated-communities-to-care","A2","News article / press release","migrate"
"https://about.kaiserpermanente.org/news/fit-and-thriving-inspiring-students-at-school","news","fit-and-thriving-inspiring-students-at-school","A2","News article / press release","migrate"
"https://about.kaiserpermanente.org/news/hundreds-volunteer-to-restore-hawaii-cultural-sites","news","hundreds-volunteer-to-restore-hawaii-cultural-sites","A2","News article / press release","migrate"
"https://about.kaiserpermanente.org/news/keeping-special-olympics-hawaii-athletes-in-game","news","keeping-special-olympics-hawaii-athletes-in-game","A2","News article / press release","migrate"
"https://about.kaiserpermanente.org/news/kaiser-permanente-joins-food-is-medicine-colorado-coalition","news","kaiser-permanente-joins-food-is-medicine-colorado-coalition","A2","News article / press release","migrate"
"https://about.kaiserpermanente.org/news/our-energy-efficient-hospitals-power-health","news","our-energy-efficient-hospitals-power-health","A2","News article / press release","migrate"
"https://about.kaiserpermanente.org/news/3-ways-were-helping-build-and-preserve-affordable-housing","news","3-ways-were-helping-build-and-preserve-affordable-housing","A2","News article / press release","migrate"
"https://about.kaiserpermanente.org/news/los-angeles-area-wildfires-how-we-helped-our-communities","news","los-angeles-area-wildfires-how-we-helped-our-communities","A2","News article / press release","migrate"
"https://about.kaiserpermanente.org/news/must-grow-health-care-workforce","news","must-grow-health-care-workforce","A2","News article / press release","migrate"
"https://about.kaiserpermanente.org/news/helping-youth-connect-move-thrive","news","helping-youth-connect-move-thrive","A2","News article / press release","migrate"
"https://about.kaiserpermanente.org/news/our-commitment-to-vaccine-access","news","our-commitment-to-vaccine-access","A2","News article / press release","migrate"
"https://about.kaiserpermanente.org/news/congress-must-protect-medicaid","news","congress-must-protect-medicaid","A2","News article / press release","migrate"
"https://about.kaiserpermanente.org/news/urge-policymakers-protect-health","news","urge-policymakers-protect-health","A2","News article / press release","migrate"
"https://about.kaiserpermanente.org/news/new-chapter-of-kaiser-permanente-care-is-born","news","new-chapter-of-kaiser-permanente-care-is-born","A2","News article / press release","migrate"
"https://about.kaiserpermanente.org/news/a-new-gold-standard-in-nursing-excellence","news","a-new-gold-standard-in-nursing-excellence","A2","News article / press release","migrate"
"https://about.kaiserpermanente.org/news/more-than-just-a-game","news","more-than-just-a-game","A2","News article / press release","migrate"
"https://about.kaiserpermanente.org/news/mental-health-care-without-borders","news","mental-health-care-without-borders","A2","News article / press release","migrate"
"https://about.kaiserpermanente.org/news/celebrating-80-cathy-hays-shares-why-member","news","celebrating-80-cathy-hays-shares-why-member","A2","News article / press release","migrate"
"https://about.kaiserpermanente.org/news/celebrating-kaiser-permanente-parker-medical-offices","news","celebrating-kaiser-permanente-parker-medical-offices","A2","News article / press release","migrate"
"https://about.kaiserpermanente.org/news/homeless-and-sick-medical-respite-programs-offer-vital-care","news","homeless-and-sick-medical-respite-programs-offer-vital-care","A2","News article / press release","migrate"
"https://about.kaiserpermanente.org/news/legal-partnership-helps-family-avoid-eviction","news","legal-partnership-helps-family-avoid-eviction","A2","News article / press release","migrate"
"https://about.kaiserpermanente.org/news/kaiser-permanente-among-colorado-springs-top-doctors","news","kaiser-permanente-among-colorado-springs-top-doctors","A2","News article / press release","migrate"
"https://about.kaiserpermanente.org/news/legacy-of-healing-one-plate-at-time","news","legacy-of-healing-one-plate-at-time","A2","News article / press release","migrate"
"https://about.kaiserpermanente.org/news/kaiser-permanente-leads-colorado-top-doctors-list-again","news","kaiser-permanente-leads-colorado-top-doctors-list-again","A2","News article / press release","migrate"
"https://about.kaiserpermanente.org/news/future-healthcare-investment","news","future-healthcare-investment","A2","News article / press release","migrate"
"https://about.kaiserpermanente.org/news/celebrating-80-kenneth-barnhart-shares-why-member","news","celebrating-80-kenneth-barnhart-shares-why-member","A2","News article / press release","migrate"
"https://about.kaiserpermanente.org/news/kaiser-permanente-and-risant-health-q2-2025-financial-update","news","kaiser-permanente-and-risant-health-q2-2025-financial-update","A2","News article / press release","migrate"
"https://about.kaiserpermanente.org/news/growing-northwest-mental-health-care-workforce","news","growing-northwest-mental-health-care-workforce","A2","News article / press release","migrate"
"https://about.kaiserpermanente.org/news/internal-research-can-make-care-better-and-more-affordable","news","internal-research-can-make-care-better-and-more-affordable","A2","News article / press release","migrate"
"https://about.kaiserpermanente.org/news/top-honors-stroke-heart-care","news","top-honors-stroke-heart-care","A2","News article / press release","migrate"
"https://about.kaiserpermanente.org/news/celebrating-80-camille-cline-shares-why-member","news","celebrating-80-camille-cline-shares-why-member","A2","News article / press release","migrate"
"https://about.kaiserpermanente.org/news/new-pueblo-north-facility-opens-serve-future-generations","news","new-pueblo-north-facility-opens-serve-future-generations","A2","News article / press release","migrate"
"https://about.kaiserpermanente.org/news/we-celebrate-our-employees-this-labor-day","news","we-celebrate-our-employees-this-labor-day","A2","News article / press release","migrate"
"https://about.kaiserpermanente.org/news/celebrating-80-judy-childers-shares-why-member","news","celebrating-80-judy-childers-shares-why-member","A2","News article / press release","migrate"
"https://about.kaiserpermanente.org/news/more-than-a-call","news","more-than-a-call","A2","News article / press release","migrate"
"https://about.kaiserpermanente.org/news/immense-research-bank-drives-medical-breakthroughs","news","immense-research-bank-drives-medical-breakthroughs","A2","News article / press release","migrate"
"https://about.kaiserpermanente.org/news/kaiser-permanente-top-doctors-washington-state","news","kaiser-permanente-top-doctors-washington-state","A2","News article / press release","migrate"
"https://about.kaiserpermanente.org/news/kaiser-permanente-annual-plane-pull-event","news","kaiser-permanente-annual-plane-pull-event","A2","News article / press release","migrate"
"https://about.kaiserpermanente.org/news/olympia-tacoma-medical-centers-earn-top-honors","news","olympia-tacoma-medical-centers-earn-top-honors","A2","News article / press release","migrate"
"https://about.kaiserpermanente.org/news/building-health-connections-in-colorado","news","building-health-connections-in-colorado","A2","News article / press release","migrate"
"https://about.kaiserpermanente.org/news/health-coverage-key-early-breast-cancer-detection","news","health-coverage-key-early-breast-cancer-detection","A2","News article / press release","migrate"
"https://about.kaiserpermanente.org/news/fresh-food-better-health","news","fresh-food-better-health","A2","News article / press release","migrate"
"https://about.kaiserpermanente.org/news/california-employers-smarter-choice-plan","news","california-employers-smarter-choice-plan","A2","News article / press release","migrate"
"https://about.kaiserpermanente.org/news/update-on-mental-health-program-progress","news","update-on-mental-health-program-progress","A2","News article / press release","migrate"
"https://about.kaiserpermanente.org/news/kaiser-permanente-rated-the-best-for-value","news","kaiser-permanente-rated-the-best-for-value","A2","News article / press release","migrate"
"https://about.kaiserpermanente.org/news/cutting-edge-kaiser-permanente-research-hope","news","cutting-edge-kaiser-permanente-research-hope","A2","News article / press release","migrate"
"https://about.kaiserpermanente.org/news/kaiser-permanente-and-risant-health-q3-2025-financial-update","news","kaiser-permanente-and-risant-health-q3-2025-financial-update","A2","News article / press release","migrate"
"https://about.kaiserpermanente.org/news/summit-connects-key-colorado-community-health-organizations","news","summit-connects-key-colorado-community-health-organizations","A2","News article / press release","migrate"
"https://about.kaiserpermanente.org/news/health-housing-partnerships-create-lasting-change","news","health-housing-partnerships-create-lasting-change","A2","News article / press release","migrate"
"https://about.kaiserpermanente.org/news/building-places-fun-fitness","news","building-places-fun-fitness","A2","News article / press release","migrate"
"https://about.kaiserpermanente.org/news/will-ai-rules-leave-small-hospitals-behind","news","will-ai-rules-leave-small-hospitals-behind","A2","News article / press release","migrate"
"https://about.kaiserpermanente.org/news/the-importance-of-hepatitis-b-vaccination-for-newborns","news","the-importance-of-hepatitis-b-vaccination-for-newborns","A2","News article / press release","migrate"
"https://about.kaiserpermanente.org/news/on-site-blood-sugar-tests-uncontrolled-diabetes","news","on-site-blood-sugar-tests-uncontrolled-diabetes","A2","News article / press release","migrate"
"https://about.kaiserpermanente.org/news/free-drug-samples-arent-really-free","news","free-drug-samples-arent-really-free","A2","News article / press release","migrate"
"https://about.kaiserpermanente.org/news/california-health-plans-top-ratings","news","california-health-plans-top-ratings","A2","News article / press release","migrate"
"https://about.kaiserpermanente.org/news/kaiser-permanente-exceptional-maternity-care","news","kaiser-permanente-exceptional-maternity-care","A2","News article / press release","migrate"
"https://about.kaiserpermanente.org/news/building-confidence-and-wellness-through-coaching","news","building-confidence-and-wellness-through-coaching","A2","News article / press release","migrate"
"https://about.kaiserpermanente.org/news/allegations-related-to-medicare-risk-adjustment-resolved","news","allegations-related-to-medicare-risk-adjustment-resolved","A2","News article / press release","migrate"
"https://about.kaiserpermanente.org/news/the-importance-of-childhood-vaccinations","news","the-importance-of-childhood-vaccinations","A2","News article / press release","migrate"
"https://about.kaiserpermanente.org/news/better-way-to-measure-care-quality","news","better-way-to-measure-care-quality","A2","News article / press release","migrate"
"https://about.kaiserpermanente.org/news/new-lakewood-medical-offices-welcome-first-members","news","new-lakewood-medical-offices-welcome-first-members","A2","News article / press release","migrate"
"https://about.kaiserpermanente.org/news/colorado-physicians-and-staff-members-give-back","news","colorado-physicians-and-staff-members-give-back","A2","News article / press release","migrate"
"https://about.kaiserpermanente.org/news/best-health-insurance-company","news","best-health-insurance-company","A2","News article / press release","migrate"
"https://about.kaiserpermanente.org/news/a-better-approach-to-preventing-chronic-conditions","news","a-better-approach-to-preventing-chronic-conditions","A2","News article / press release","migrate"
"https://about.kaiserpermanente.org/news/expanding-outpatient-robotic-surgery-in-colorado","news","expanding-outpatient-robotic-surgery-in-colorado","A2","News article / press release","migrate"
"https://about.kaiserpermanente.org/news/kaiser-permanente-expands-special-olympics-colorado-relationship","news","kaiser-permanente-expands-special-olympics-colorado-relationship","A2","News article / press release","migrate"
"https://about.kaiserpermanente.org/news/managing-blood-pressure-may-change-breast-cancer-outlook","news","managing-blood-pressure-may-change-breast-cancer-outlook","A2","News article / press release","migrate"
"https://about.kaiserpermanente.org/news/local-roots-broad-impact-doctors-inspire-health","news","local-roots-broad-impact-doctors-inspire-health","A2","News article / press release","migrate"
"https://about.kaiserpermanente.org/news/national-food-is-medicine-experts-grow-movement-colorado","news","national-food-is-medicine-experts-grow-movement-colorado","A2","News article / press release","migrate"
"https://about.kaiserpermanente.org/news/care-and-commitment-to-hawaii","news","care-and-commitment-to-hawaii","A2","News article / press release","migrate"
"https://about.kaiserpermanente.org/news/prior-authorization-can-be-the-exception-not-the-rule","news","prior-authorization-can-be-the-exception-not-the-rule","A2","News article / press release","migrate"
"https://about.kaiserpermanente.org/news/the-first-20-minutes-a-healthier-start-for-athletes","news","the-first-20-minutes-a-healthier-start-for-athletes","A2","News article / press release","migrate"
"https://about.kaiserpermanente.org/news/nursing-excellence-that-endures","news","nursing-excellence-that-endures","A2","News article / press release","migrate"
"https://about.kaiserpermanente.org/news/continued-progress-ensuring-access-to-mental-health-care","news","continued-progress-ensuring-access-to-mental-health-care","A2","News article / press release","migrate"
"https://about.kaiserpermanente.org/news/our-bold-goal-help-1000-therapists-get-licensed-by-2028","news","our-bold-goal-help-1000-therapists-get-licensed-by-2028","A2","News article / press release","migrate"
"https://about.kaiserpermanente.org/news/self-collection-kits-boost-cervical-cancer-screening","news","self-collection-kits-boost-cervical-cancer-screening","A2","News article / press release","migrate"
"https://about.kaiserpermanente.org/news/hidden-health-effects-of-the-air-around-you","news","hidden-health-effects-of-the-air-around-you","A2","News article / press release","migrate"
"https://about.kaiserpermanente.org/news/healthy-minds-healthy-bodies-thriving-futures","news","healthy-minds-healthy-bodies-thriving-futures","A2","News article / press release","migrate"
"https://about.kaiserpermanente.org/news/simulated-medical-center-in-colorado-gets-a-makeover","news","simulated-medical-center-in-colorado-gets-a-makeover","A2","News article / press release","migrate"
"https://about.kaiserpermanente.org/news/greg-a-adams-elected-to-american-academy-of-arts-and-sciences","news","greg-a-adams-elected-to-american-academy-of-arts-and-sciences","A2","News article / press release","migrate"
"https://about.kaiserpermanente.org/news/honoring-nursing-excellence","news","honoring-nursing-excellence","A2","News article / press release","migrate"
"https://about.kaiserpermanente.org/news/kaiser-permanente-and-risant-health-q1-2026-financial-update","news","kaiser-permanente-and-risant-health-q1-2026-financial-update","A2","News article / press release","migrate"
"https://about.kaiserpermanente.org/news/east-denver-medical-offices-air-quality-program","news","east-denver-medical-offices-air-quality-program","A2","News article / press release","migrate"
"https://about.kaiserpermanente.org/news/honored-for-extraordinary-community-service","news","honored-for-extraordinary-community-service","A2","News article / press release","migrate"
"https://about.kaiserpermanente.org/news/managed-care-helps-our-medicaid-members","news","managed-care-helps-our-medicaid-members","A2","News article / press release","migrate"
"https://about.kaiserpermanente.org/news/healing-after-the-fire","news","healing-after-the-fire","A2","News article / press release","migrate"
"https://about.kaiserpermanente.org/news/nurse-honored-for-helping-sexual-assault-survivors","news","nurse-honored-for-helping-sexual-assault-survivors","A2","News article / press release","migrate"
"https://about.kaiserpermanente.org/news/leaders-named-among-top-clinical-executives","news","leaders-named-among-top-clinical-executives","A2","News article / press release","migrate"
"https://about.kaiserpermanente.org/news/ai-cuts-mri-wait-times-by-60-percent","news","ai-cuts-mri-wait-times-by-60-percent","A2","News article / press release","migrate"
"https://about.kaiserpermanente.org/news/weekly-grocery-deliveries-lower-blood-sugar","news","weekly-grocery-deliveries-lower-blood-sugar","A2","News article / press release","migrate"
"https://about.kaiserpermanente.org/news/our-mission-in-action-free-clinic-serves-thousands","news","our-mission-in-action-free-clinic-serves-thousands","A2","News article / press release","migrate"
"https://about.kaiserpermanente.org/news/legal-support-safer-housing-better-health","news","legal-support-safer-housing-better-health","A2","News article / press release","migrate"
"https://about.kaiserpermanente.org/news/colorados-best-health-care-insurer-11-years-in-a-row","news","colorados-best-health-care-insurer-11-years-in-a-row","A2","News article / press release","migrate"
"https://about.kaiserpermanente.org/news/elevating-nursing-excellence-in-riverside-county","news","elevating-nursing-excellence-in-riverside-county","A2","News article / press release","migrate"
"https://about.kaiserpermanente.org/news/medical-respite-helped-demetrius-find-home","news","medical-respite-helped-demetrius-find-home","A2","News article / press release","migrate"
"https://about.kaiserpermanente.org/news/more-older-adults-could-benefit-from-pace","news","more-older-adults-could-benefit-from-pace","A2","News article / press release","migrate"
"https://about.kaiserpermanente.org/news/mile-high-united-way-awards-our-work-in-the-community","news","mile-high-united-way-awards-our-work-in-the-community","A2","News article / press release","migrate"
"https://about.kaiserpermanente.org/news/new-rock-creek-urgent-care-opens-for-members","news","new-rock-creek-urgent-care-opens-for-members","A2","News article / press release","migrate"
"https://about.kaiserpermanente.org/news/kaiser-permanente-and-risant-health-q2-2026-financial-update","news","kaiser-permanente-and-risant-health-q2-2026-financial-update","A2","News article / press release","migrate"
"https://about.kaiserpermanente.org/news/water-safety-healthy-living","news","water-safety-healthy-living","A2","News article / press release","migrate"
"https://about.kaiserpermanente.org/news/nursing-excellence-exceptional-care","news","nursing-excellence-exceptional-care","A2","News article / press release","migrate"
"https://about.kaiserpermanente.org/who-we-are","who-we-are","","A1","Home / section landing","migrate"
"https://about.kaiserpermanente.org/who-we-are/our-mission","who-we-are","our-mission","A4","Who-we-are editorial (history, mission, people)","migrate"
"https://about.kaiserpermanente.org/who-we-are/our-history","who-we-are","our-history","A4","Who-we-are editorial (history, mission, people)","migrate"
"https://about.kaiserpermanente.org/who-we-are/our-history/innovation-and-research","who-we-are","our-history","A4","Who-we-are editorial (history, mission, people)","migrate"
"https://about.kaiserpermanente.org/who-we-are/our-history/early-leaders-in-equity-and-inclusion","who-we-are","our-history","A4","Who-we-are editorial (history, mission, people)","migrate"
"https://about.kaiserpermanente.org/who-we-are/our-history/pioneers-and-groundbreakers","who-we-are","our-history","A4","Who-we-are editorial (history, mission, people)","migrate"
"https://about.kaiserpermanente.org/who-we-are/our-history/our-integrated-care-model","who-we-are","our-history","A4","Who-we-are editorial (history, mission, people)","migrate"
"https://about.kaiserpermanente.org/who-we-are/our-history/contact-the-historian","who-we-are","our-history","A4","Who-we-are editorial (history, mission, people)","migrate"
"https://about.kaiserpermanente.org/who-we-are/our-history/a-history-of-leading-the-way","who-we-are","our-history","A4","Who-we-are editorial (history, mission, people)","migrate"
"https://about.kaiserpermanente.org/who-we-are/our-history/southern-comfort-doctor-gaston-and-the-southeast-permanente-medi","who-we-are","our-history","A4","Who-we-are editorial (history, mission, people)","migrate"
"https://about.kaiserpermanente.org/who-we-are/our-history/mobile-clinics-health-on-wheels","who-we-are","our-history","A4","Who-we-are editorial (history, mission, people)","migrate"
"https://about.kaiserpermanente.org/who-we-are/our-history/john-graham-smillie-md-pediatrician-and-kaiser-permanente-innova","who-we-are","our-history","A4","Who-we-are editorial (history, mission, people)","migrate"
"https://about.kaiserpermanente.org/who-we-are/our-history/when-labor-and-management-work-side-by-side","who-we-are","our-history","A4","Who-we-are editorial (history, mission, people)","migrate"
"https://about.kaiserpermanente.org/who-we-are/our-history/a-legacy-of-caring-nurses-trained-in-the-science-of-medicine","who-we-are","our-history","A4","Who-we-are editorial (history, mission, people)","migrate"
"https://about.kaiserpermanente.org/who-we-are/our-history/wasting-nothing-recycling-then-and-now","who-we-are","our-history","A4","Who-we-are editorial (history, mission, people)","migrate"
"https://about.kaiserpermanente.org/who-we-are/our-history/harold-hatch-health-insurance-visionary","who-we-are","our-history","A4","Who-we-are editorial (history, mission, people)","migrate"
"https://about.kaiserpermanente.org/who-we-are/our-history/5-physicians-who-made-a-difference","who-we-are","our-history","A4","Who-we-are editorial (history, mission, people)","migrate"
"https://about.kaiserpermanente.org/who-we-are/our-history/henry-j-kaiser-and-the-new-economics-of-medical-care","who-we-are","our-history","A4","Who-we-are editorial (history, mission, people)","migrate"
"https://about.kaiserpermanente.org/who-we-are/our-history/slacks-not-slackers-womens-role-in-winning-world-war-ii","who-we-are","our-history","A4","Who-we-are editorial (history, mission, people)","migrate"
"https://about.kaiserpermanente.org/who-we-are/our-history/the-amazing-true-story-of-park-ranger-betty-reid-soskin","who-we-are","our-history","A4","Who-we-are editorial (history, mission, people)","migrate"
"https://about.kaiserpermanente.org/who-we-are/our-history/path-to-employment-african-american-workers-in-kaiser-shipyards","who-we-are","our-history","A4","Who-we-are editorial (history, mission, people)","migrate"
"https://about.kaiserpermanente.org/who-we-are/our-history/an-industrial-revolution-all-their-own-world-war-ii-women-stand-","who-we-are","our-history","A4","Who-we-are editorial (history, mission, people)","migrate"
"https://about.kaiserpermanente.org/who-we-are/our-history/an-experiment-named-fabiola-health-care-takes-root-in-oakland","who-we-are","our-history","A4","Who-we-are editorial (history, mission, people)","migrate"
"https://about.kaiserpermanente.org/who-we-are/our-history/from-boats-to-books-a-short-history-of-kaiser-permanentes-medica","who-we-are","our-history","A4","Who-we-are editorial (history, mission, people)","migrate"
"https://about.kaiserpermanente.org/who-we-are/our-history/patriot-in-pinstripes-honoring-veterans-homefront-and-peace","who-we-are","our-history","A4","Who-we-are editorial (history, mission, people)","migrate"
"https://about.kaiserpermanente.org/who-we-are/our-history/harbor-city-hospital-beachhead-for-labor-health-care","who-we-are","our-history","A4","Who-we-are editorial (history, mission, people)","migrate"
"https://about.kaiserpermanente.org/who-we-are/our-history/mending-bodies-and-minds-kabat-kaiser-vallejo","who-we-are","our-history","A4","Who-we-are editorial (history, mission, people)","migrate"
"https://about.kaiserpermanente.org/who-we-are/our-history/good-medicine-brought-within-reach-of-all","who-we-are","our-history","A4","Who-we-are editorial (history, mission, people)","migrate"
"https://about.kaiserpermanente.org/who-we-are/our-history/tunnels-trains-and-tubes-kaisers-role-in-building-an-accessible-","who-we-are","our-history","A4","Who-we-are editorial (history, mission, people)","migrate"
"https://about.kaiserpermanente.org/who-we-are/our-history/dr-sidney-garfield-on-medical-care-as-a-right","who-we-are","our-history","A4","Who-we-are editorial (history, mission, people)","migrate"
"https://about.kaiserpermanente.org/who-we-are/our-history/no-getting-round-it-an-innovative-approach-to-building-design","who-we-are","our-history","A4","Who-we-are editorial (history, mission, people)","migrate"
"https://about.kaiserpermanente.org/who-we-are/our-history/edmund-ted-van-brunt-former-kaiser-permanente-research-director-","who-we-are","our-history","A4","Who-we-are editorial (history, mission, people)","migrate"
"https://about.kaiserpermanente.org/who-we-are/our-history/kabat-kaiser-improving-quality-of-life-through-rehabilitation","who-we-are","our-history","A4","Who-we-are editorial (history, mission, people)","migrate"
"https://about.kaiserpermanente.org/who-we-are/our-history/looking-through-you-how-a-kaiser-permanente-nurse-transformed-he","who-we-are","our-history","A4","Who-we-are editorial (history, mission, people)","migrate"
"https://about.kaiserpermanente.org/who-we-are/our-history/the-permanente-richmond-field-hospital-proud-reminder-of-health-","who-we-are","our-history","A4","Who-we-are editorial (history, mission, people)","migrate"
"https://about.kaiserpermanente.org/who-we-are/our-history/kaiser-permanente-and-group-health-cooperative-working-together-","who-we-are","our-history","A4","Who-we-are editorial (history, mission, people)","migrate"
"https://about.kaiserpermanente.org/who-we-are/our-history/screening-for-better-health-medical-care-as-a-right","who-we-are","our-history","A4","Who-we-are editorial (history, mission, people)","migrate"
"https://about.kaiserpermanente.org/who-we-are/our-history/beatrice-lei-md-from-shantou-china-to-richmond-california","who-we-are","our-history","A4","Who-we-are editorial (history, mission, people)","migrate"
"https://about.kaiserpermanente.org/who-we-are/our-history/experiments-in-radial-hospital-design-denvers-saint-joseph-and-k","who-we-are","our-history","A4","Who-we-are editorial (history, mission, people)","migrate"
"https://about.kaiserpermanente.org/who-we-are/our-history/japanese-american-doctors-overcame-internment-setbacks","who-we-are","our-history","A4","Who-we-are editorial (history, mission, people)","migrate"
"https://about.kaiserpermanente.org/who-we-are/our-history/ellamae-simmons-trailblazing-african-american-physician","who-we-are","our-history","A4","Who-we-are editorial (history, mission, people)","migrate"
"https://about.kaiserpermanente.org/who-we-are/our-history/kaiser-motors-in-oakland-we-sell-to-make-friends","who-we-are","our-history","A4","Who-we-are editorial (history, mission, people)","migrate"
"https://about.kaiserpermanente.org/who-we-are/our-history/rosie-the-riveter-park-ranger-betty-reid-soskin-receives-lifetim","who-we-are","our-history","A4","Who-we-are editorial (history, mission, people)","migrate"
"https://about.kaiserpermanente.org/who-we-are/our-history/kaisers-geodesic-dome-clinic","who-we-are","our-history","A4","Who-we-are editorial (history, mission, people)","migrate"
"https://about.kaiserpermanente.org/who-we-are/our-history/henry-j-kaisers-exemplary-record-of-hiring-the-disabled","who-we-are","our-history","A4","Who-we-are editorial (history, mission, people)","migrate"
"https://about.kaiserpermanente.org/who-we-are/our-history/male-nursing-pioneers","who-we-are","our-history","A4","Who-we-are editorial (history, mission, people)","migrate"
"https://about.kaiserpermanente.org/who-we-are/our-history/henry-j-kaisers-environmental-stewardship","who-we-are","our-history","A4","Who-we-are editorial (history, mission, people)","migrate"
"https://about.kaiserpermanente.org/who-we-are/our-history/dr-morris-collens-last-book-on-medical-informatics","who-we-are","our-history","A4","Who-we-are editorial (history, mission, people)","migrate"
"https://about.kaiserpermanente.org/who-we-are/our-history/from-paper-to-pixels-the-new-paradigm-of-electronic-medical-reco","who-we-are","our-history","A4","Who-we-are editorial (history, mission, people)","migrate"
"https://about.kaiserpermanente.org/who-we-are/our-history/kaiser-permanente-and-nasa-taking-telemedicine-out-of-this-world","who-we-are","our-history","A4","Who-we-are editorial (history, mission, people)","migrate"
"https://about.kaiserpermanente.org/who-we-are/our-history/kaiser-permanente-as-a-national-model-for-care","who-we-are","our-history","A4","Who-we-are editorial (history, mission, people)","migrate"
"https://about.kaiserpermanente.org/who-we-are/our-history/kaiser-permanentes-early-support-from-labor","who-we-are","our-history","A4","Who-we-are editorial (history, mission, people)","migrate"
"https://about.kaiserpermanente.org/who-we-are/our-history/kaiser-permanentes-history-of-nondiscrimination","who-we-are","our-history","A4","Who-we-are editorial (history, mission, people)","migrate"
"https://about.kaiserpermanente.org/who-we-are/our-history/opening-the-permanente-plan-to-the-public","who-we-are","our-history","A4","Who-we-are editorial (history, mission, people)","migrate"
"https://about.kaiserpermanente.org/who-we-are/our-history/sculpture-dedicated-to-kaiser-nursing-school","who-we-are","our-history","A4","Who-we-are editorial (history, mission, people)","migrate"
"https://about.kaiserpermanente.org/who-we-are/our-history/celebrating-betty-runyen-kaiser-permanentes-founding-nurse","who-we-are","our-history","A4","Who-we-are editorial (history, mission, people)","migrate"
"https://about.kaiserpermanente.org/who-we-are/our-history/two-historical-reflections-on-kaiser-permanente","who-we-are","our-history","A4","Who-we-are editorial (history, mission, people)","migrate"
"https://about.kaiserpermanente.org/who-we-are/our-history/dr-eugene-hickman-first-black-kaiser-permanente-physician-in-nor","who-we-are","our-history","A4","Who-we-are editorial (history, mission, people)","migrate"
"https://about.kaiserpermanente.org/who-we-are/our-history/henry-kaisers-escort-carriers-and-the-battle-of-leyte-gulf","who-we-are","our-history","A4","Who-we-are editorial (history, mission, people)","migrate"
"https://about.kaiserpermanente.org/who-we-are/our-history/books-and-publications-about-kaiser-permanente-history","who-we-are","our-history","A4","Who-we-are editorial (history, mission, people)","migrate"
"https://about.kaiserpermanente.org/who-we-are/our-history/henry-j-kaiser-on-veteran-employment-and-benefits","who-we-are","our-history","A4","Who-we-are editorial (history, mission, people)","migrate"
"https://about.kaiserpermanente.org/who-we-are/our-history/the-world-war-ii-kaiser-richmond-shipyard-labor-force","who-we-are","our-history","A4","Who-we-are editorial (history, mission, people)","migrate"
"https://about.kaiserpermanente.org/who-we-are/our-history/henry-j-kaiser-geodesic-dome-pioneer","who-we-are","our-history","A4","Who-we-are editorial (history, mission, people)","migrate"
"https://about.kaiserpermanente.org/who-we-are/our-history/breast-cancer-isnt-just-a-womans-issue","who-we-are","our-history","A4","Who-we-are editorial (history, mission, people)","migrate"
"https://about.kaiserpermanente.org/who-we-are/our-history/kaiser-shipyards-pioneered-use-of-wonder-drug-penicillin","who-we-are","our-history","A4","Who-we-are editorial (history, mission, people)","migrate"
"https://about.kaiserpermanente.org/who-we-are/our-history/kaiser-permanentes-first-hospital-changes-and-grows","who-we-are","our-history","A4","Who-we-are editorial (history, mission, people)","migrate"
"https://about.kaiserpermanente.org/who-we-are/our-history/old-oakland-hospital-holds-memories-of-kaiser-permanentes-dynami","who-we-are","our-history","A4","Who-we-are editorial (history, mission, people)","migrate"
"https://about.kaiserpermanente.org/who-we-are/our-history/henry-j-kaiser-sticks-up-for-union-labor-at-brewster-aeronautica","who-we-are","our-history","A4","Who-we-are editorial (history, mission, people)","migrate"
"https://about.kaiserpermanente.org/who-we-are/our-history/black-nurses-get-together-to-forge-their-own-future","who-we-are","our-history","A4","Who-we-are editorial (history, mission, people)","migrate"
"https://about.kaiserpermanente.org/who-we-are/our-history/beloved-nurse-jessie-cunningham-earned-honored-place-in-kaiser-p","who-we-are","our-history","A4","Who-we-are editorial (history, mission, people)","migrate"
"https://about.kaiserpermanente.org/who-we-are/our-history/alva-wheatley-champion-of-kaiser-permanente-diversity","who-we-are","our-history","A4","Who-we-are editorial (history, mission, people)","migrate"
"https://about.kaiserpermanente.org/who-we-are/our-history/raleigh-bledsoe-md-first-black-physician-for-southern-california","who-we-are","our-history","A4","Who-we-are editorial (history, mission, people)","migrate"
"https://about.kaiserpermanente.org/who-we-are/our-history/kaisers-first-labor-attorney-in-the-thick-of-union-battles","who-we-are","our-history","A4","Who-we-are editorial (history, mission, people)","migrate"
"https://about.kaiserpermanente.org/who-we-are/our-history/georgia-cardiologist-returns-to-atlanta-to-start-new-permanente-","who-we-are","our-history","A4","Who-we-are editorial (history, mission, people)","migrate"
"https://about.kaiserpermanente.org/who-we-are/our-history/the-roots-of-southern-california-kaiser-permanente","who-we-are","our-history","A4","Who-we-are editorial (history, mission, people)","migrate"
"https://about.kaiserpermanente.org/who-we-are/our-history/kaiser-permanente-northwest-region-starts-small-and-grows-fast","who-we-are","our-history","A4","Who-we-are editorial (history, mission, people)","migrate"
"https://about.kaiserpermanente.org/who-we-are/our-history/kaiser-permanente-pioneered-solar-power-in-health-facilities-in-","who-we-are","our-history","A4","Who-we-are editorial (history, mission, people)","migrate"
"https://about.kaiserpermanente.org/who-we-are/our-history/the-permanente-creek","who-we-are","our-history","A4","Who-we-are editorial (history, mission, people)","migrate"
"https://about.kaiserpermanente.org/who-we-are/our-history/kaisers-postwar-suburbs-designed-for-pedestrian-safety-and-fitne","who-we-are","our-history","A4","Who-we-are editorial (history, mission, people)","migrate"
"https://about.kaiserpermanente.org/who-we-are/our-history/the-genesis-of-kaiser-permanente-colorado","who-we-are","our-history","A4","Who-we-are editorial (history, mission, people)","migrate"
"https://about.kaiserpermanente.org/who-we-are/our-history/physician-nurse-team-helps-permanente-medicine-through-early-day","who-we-are","our-history","A4","Who-we-are editorial (history, mission, people)","migrate"
"https://about.kaiserpermanente.org/who-we-are/our-history/dr-charles-m-grossman-1914-2013-founding-northwest-kaiser-perman","who-we-are","our-history","A4","Who-we-are editorial (history, mission, people)","migrate"
"https://about.kaiserpermanente.org/who-we-are/our-history/image-of-rosie-broadens-to-embrace-african-american-women","who-we-are","our-history","A4","Who-we-are editorial (history, mission, people)","migrate"
"https://about.kaiserpermanente.org/who-we-are/our-history/labor-unions-offer-early-support-for-nascent-permanente-health-p","who-we-are","our-history","A4","Who-we-are editorial (history, mission, people)","migrate"
"https://about.kaiserpermanente.org/who-we-are/our-history/hannah-peters-plays-vital-role-as-doctor-to-the-rosies","who-we-are","our-history","A4","Who-we-are editorial (history, mission, people)","migrate"
"https://about.kaiserpermanente.org/who-we-are/our-history/kaiser-permanente-web-presence-rooted-in-past","who-we-are","our-history","A4","Who-we-are editorial (history, mission, people)","migrate"
"https://about.kaiserpermanente.org/who-we-are/our-history/60-years-ago-kaiser-permanentes-first-la-medical-center-opens","who-we-are","our-history","A4","Who-we-are editorial (history, mission, people)","migrate"
"https://about.kaiserpermanente.org/who-we-are/our-history/thriving-with-1960s-launched-kfog-radio-then-and-now","who-we-are","our-history","A4","Who-we-are editorial (history, mission, people)","migrate"
"https://about.kaiserpermanente.org/who-we-are/our-history/decades-of-health-records-fuel-kaiser-permanente-research","who-we-are","our-history","A4","Who-we-are editorial (history, mission, people)","migrate"
"https://about.kaiserpermanente.org/who-we-are/our-history/disabled-kp-financial-analyst-changed-course-of-railway","who-we-are","our-history","A4","Who-we-are editorial (history, mission, people)","migrate"
"https://about.kaiserpermanente.org/who-we-are/our-history/millie-cutting-physicians-wife-makes-her-own-mark","who-we-are","our-history","A4","Who-we-are editorial (history, mission, people)","migrate"
"https://about.kaiserpermanente.org/who-we-are/our-history/kp-northern-california-marks-half-a-century-of-stellar-research","who-we-are","our-history","A4","Who-we-are editorial (history, mission, people)","migrate"
"https://about.kaiserpermanente.org/who-we-are/our-history/kp-early-physician-leader-views-health-care-future-from-1966-van","who-we-are","our-history","A4","Who-we-are editorial (history, mission, people)","migrate"
"https://about.kaiserpermanente.org/who-we-are/our-history/how-do-physicians-know-theye28099re-doing-the-right-thing","who-we-are","our-history","A4","Who-we-are editorial (history, mission, people)","migrate"
"https://about.kaiserpermanente.org/who-we-are/our-history/permanente-pioneers-step-out-to-blaze-their-own-quality-trail","who-we-are","our-history","A4","Who-we-are editorial (history, mission, people)","migrate"
"https://about.kaiserpermanente.org/who-we-are/our-history/permanente-physicians-strive-to-prove-high-quality-of-care","who-we-are","our-history","A4","Who-we-are editorial (history, mission, people)","migrate"
"https://about.kaiserpermanente.org/who-we-are/our-history/quality-of-care-always-foremost-in-minds-of-kaiser-permanente-le","who-we-are","our-history","A4","Who-we-are editorial (history, mission, people)","migrate"
"https://about.kaiserpermanente.org/who-we-are/our-history/latest-kaiser-permanente-signature-hoisted-to-the-heights","who-we-are","our-history","A4","Who-we-are editorial (history, mission, people)","migrate"
"https://about.kaiserpermanente.org/who-we-are/our-history/sunnyside-physician-publishes-story-of-permanente-northwest","who-we-are","our-history","A4","Who-we-are editorial (history, mission, people)","migrate"
"https://about.kaiserpermanente.org/who-we-are/our-history/kaiser-permanentee28099s-early-struggle-to-stand-up-to-aids","who-we-are","our-history","A4","Who-we-are editorial (history, mission, people)","migrate"
"https://about.kaiserpermanente.org/who-we-are/our-history/henry-kaiser-among-highway-safety-pioneers-2","who-we-are","our-history","A4","Who-we-are editorial (history, mission, people)","migrate"
"https://about.kaiserpermanente.org/who-we-are/our-history/maternity-care-evolves-to-embrace-family","who-we-are","our-history","A4","Who-we-are editorial (history, mission, people)","migrate"
"https://about.kaiserpermanente.org/who-we-are/our-history/kaiser-permanente-nursing-excellence-75-years-in-the-making","who-we-are","our-history","A4","Who-we-are editorial (history, mission, people)","migrate"
"https://about.kaiserpermanente.org/who-we-are/our-history/nurses-begin-quest-for-professional-recognition-after-world-war-","who-we-are","our-history","A4","Who-we-are editorial (history, mission, people)","migrate"
"https://about.kaiserpermanente.org/who-we-are/our-history/iron-nurse-dorothea-daniels-had-a-soft-spot-for-nursing-students","who-we-are","our-history","A4","Who-we-are editorial (history, mission, people)","migrate"
"https://about.kaiserpermanente.org/who-we-are/our-history/health-care-coverage-for-workerse28099-families-didne28099t-come","who-we-are","our-history","A4","Who-we-are editorial (history, mission, people)","migrate"
"https://about.kaiserpermanente.org/who-we-are/our-history/permanente-embraces-its-partnership-with-labor","who-we-are","our-history","A4","Who-we-are editorial (history, mission, people)","migrate"
"https://about.kaiserpermanente.org/who-we-are/our-history/kaiser-permanentes-commitment-to-sustainability","who-we-are","our-history","A4","Who-we-are editorial (history, mission, people)","migrate"
"https://about.kaiserpermanente.org/who-we-are/our-history/hawaii-not-your-garden-variety-paradise","who-we-are","our-history","A4","Who-we-are editorial (history, mission, people)","migrate"
"https://about.kaiserpermanente.org/who-we-are/our-history/kaiser-built-1954-sports-car-delights-todaye28099s-collectors","who-we-are","our-history","A4","Who-we-are editorial (history, mission, people)","migrate"
"https://about.kaiserpermanente.org/who-we-are/our-history/wartime-shipyard-child-care-centers-set-standards-for-future","who-we-are","our-history","A4","Who-we-are editorial (history, mission, people)","migrate"
"https://about.kaiserpermanente.org/who-we-are/our-history/opening-a-prepaid-health-plan-to-the-public-65-years-ago-this-mo","who-we-are","our-history","A4","Who-we-are editorial (history, mission, people)","migrate"
"https://about.kaiserpermanente.org/who-we-are/our-history/baby-in-the-drawer-helped-turn-the-tide-for-breastfeeding","who-we-are","our-history","A4","Who-we-are editorial (history, mission, people)","migrate"
"https://about.kaiserpermanente.org/who-we-are/our-history/henry-kaisers-respect-for-people-of-all-races-dates-from-african","who-we-are","our-history","A4","Who-we-are editorial (history, mission, people)","migrate"
"https://about.kaiserpermanente.org/who-we-are/our-history/myth-buster-henry-j-kaiser-and-the-jeep","who-we-are","our-history","A4","Who-we-are editorial (history, mission, people)","migrate"
"https://about.kaiserpermanente.org/who-we-are/our-history/how-it-all-started","who-we-are","our-history","A4","Who-we-are editorial (history, mission, people)","migrate"
"https://about.kaiserpermanente.org/who-we-are/our-history/equal-pay-for-equal-work","who-we-are","our-history","A4","Who-we-are editorial (history, mission, people)","migrate"
"https://about.kaiserpermanente.org/who-we-are/our-history/breaking-lgbt-barriers-for-kaiser-permanente-employees","who-we-are","our-history","A4","Who-we-are editorial (history, mission, people)","migrate"
"https://about.kaiserpermanente.org/who-we-are/our-history/veterans-in-health-professions","who-we-are","our-history","A4","Who-we-are editorial (history, mission, people)","migrate"
"https://about.kaiserpermanente.org/who-we-are/our-history/nurses-step-up-in-crises","who-we-are","our-history","A4","Who-we-are editorial (history, mission, people)","migrate"
"https://about.kaiserpermanente.org/who-we-are/our-history/kaiser-permanente-s-pioneering-nurse-midwives","who-we-are","our-history","A4","Who-we-are editorial (history, mission, people)","migrate"
"https://about.kaiserpermanente.org/who-we-are/our-history/a-legacy-of-disruptive-innovation","who-we-are","our-history","A4","Who-we-are editorial (history, mission, people)","migrate"
"https://about.kaiserpermanente.org/who-we-are/our-history/nurse-practitioners-historical-advances-in-nursing","who-we-are","our-history","A4","Who-we-are editorial (history, mission, people)","migrate"
"https://about.kaiserpermanente.org/who-we-are/our-history/transforming-the-medical-record","who-we-are","our-history","A4","Who-we-are editorial (history, mission, people)","migrate"
"https://about.kaiserpermanente.org/who-we-are/our-history/a-legacy-of-life-changing-community-support-and-partnership","who-we-are","our-history","A4","Who-we-are editorial (history, mission, people)","migrate"
"https://about.kaiserpermanente.org/who-we-are/our-history/henry-j-kaiser-americas-health-care-visionary","who-we-are","our-history","A4","Who-we-are editorial (history, mission, people)","migrate"
"https://about.kaiserpermanente.org/who-we-are/our-history/sidney-garfield-pioneer-of-modern-health-care","who-we-are","our-history","A4","Who-we-are editorial (history, mission, people)","migrate"
"https://about.kaiserpermanente.org/who-we-are/our-history/a-history-of-trailblazing-nurses","who-we-are","our-history","A4","Who-we-are editorial (history, mission, people)","migrate"
"https://about.kaiserpermanente.org/who-we-are/our-people","who-we-are","our-people","A4","Who-we-are editorial (history, mission, people)","migrate"
"https://about.kaiserpermanente.org/who-we-are/our-people/milestones-in-nursing-history","who-we-are","our-people","A4","Who-we-are editorial (history, mission, people)","migrate"
"https://about.kaiserpermanente.org/who-we-are/fast-facts","who-we-are","fast-facts","A4","Who-we-are editorial (history, mission, people)","migrate"
"https://about.kaiserpermanente.org/who-we-are/leadership-team/KP-speaker-request-form","who-we-are","leadership-team","A5","Leadership profile","migrate"
"https://about.kaiserpermanente.org/who-we-are/leadership-team/sam-glick","who-we-are","leadership-team","A5","Leadership profile","migrate"
"https://about.kaiserpermanente.org/who-we-are/leadership-team/mark-hayes","who-we-are","leadership-team","A5","Leadership profile","migrate"
"https://about.kaiserpermanente.org/who-we-are/leadership-team/andrew-bindman-md","who-we-are","leadership-team","A5","Leadership profile","migrate"
"https://about.kaiserpermanente.org/who-we-are/leadership-team/vanessa-m-benavides","who-we-are","leadership-team","A5","Leadership profile","migrate"
"https://about.kaiserpermanente.org/who-we-are/leadership-team/greg-a-adams","who-we-are","leadership-team","A5","Leadership profile","migrate"
"https://about.kaiserpermanente.org/who-we-are/leadership-team/don-mordecai-md","who-we-are","leadership-team","A5","Leadership profile","migrate"
"https://about.kaiserpermanente.org/who-we-are/leadership-team/jacqueline-baratian","who-we-are","leadership-team","A5","Leadership profile","migrate"
"https://about.kaiserpermanente.org/who-we-are/leadership-team/yazdi-bagli","who-we-are","leadership-team","A5","Leadership profile","migrate"
"https://about.kaiserpermanente.org/who-we-are/leadership-team/beth-leonard","who-we-are","leadership-team","A5","Leadership profile","migrate"
"https://about.kaiserpermanente.org/who-we-are/leadership-team/ed-chan-rd-fache","who-we-are","leadership-team","A5","Leadership profile","migrate"
"https://about.kaiserpermanente.org/who-we-are/leadership-team/bechara-choucair-md-ms","who-we-are","leadership-team","A5","Leadership profile","migrate"
"https://about.kaiserpermanente.org/who-we-are/leadership-team/neil-cowles","who-we-are","leadership-team","A5","Leadership profile","migrate"
"https://about.kaiserpermanente.org/who-we-are/leadership-team/steven-chyung","who-we-are","leadership-team","A5","Leadership profile","migrate"
"https://about.kaiserpermanente.org/who-we-are/leadership-team/mike-bowers","who-we-are","leadership-team","A5","Leadership profile","migrate"
"https://about.kaiserpermanente.org/who-we-are/leadership-team/ronald-l-copeland-md-facs","who-we-are","leadership-team","A5","Leadership profile","migrate"
"https://about.kaiserpermanente.org/who-we-are/leadership-team/cortney-eisses","who-we-are","leadership-team","A5","Leadership profile","migrate"
"https://about.kaiserpermanente.org/who-we-are/leadership-team/wendy-watson","who-we-are","leadership-team","A5","Leadership profile","migrate"
"https://about.kaiserpermanente.org/who-we-are/leadership-team/jeff-krawcek-md","who-we-are","leadership-team","A5","Leadership profile","migrate"
"https://about.kaiserpermanente.org/who-we-are/leadership-team/daniel-yang-md","who-we-are","leadership-team","A5","Leadership profile","migrate"
"https://about.kaiserpermanente.org/who-we-are/leadership-team/simon-borger","who-we-are","leadership-team","A5","Leadership profile","migrate"
"https://about.kaiserpermanente.org/who-we-are/leadership-team/michelle-gaskill-hames","who-we-are","leadership-team","A5","Leadership profile","migrate"
"https://about.kaiserpermanente.org/who-we-are/labor-relations","who-we-are","labor-relations","A6","Labor relations content","migrate"
"https://about.kaiserpermanente.org/who-we-are/labor-relations/past-labor-agreements","who-we-are","labor-relations","A6","Labor relations content","migrate"
"https://about.kaiserpermanente.org/who-we-are/labor-relations/nuhw-psych-social-employees-ratify-agreement","who-we-are","labor-relations","A6","Labor relations content","migrate"
"https://about.kaiserpermanente.org/who-we-are/labor-relations/kaiser-permanente-therapists-ratify-new-contract","who-we-are","labor-relations","A6","Labor relations content","migrate"
"https://about.kaiserpermanente.org/who-we-are/labor-relations/new-4-year-coalition-agreement-ratified","who-we-are","labor-relations","A6","Labor relations content","migrate"
"https://about.kaiserpermanente.org/who-we-are/labor-relations/working-together-at-the-heart-of-health-care","who-we-are","labor-relations","A6","Labor relations content","migrate"
"https://about.kaiserpermanente.org/who-we-are/labor-relations/nuhw-bargaining","who-we-are","labor-relations","A6","Labor relations content","migrate"
"https://about.kaiserpermanente.org/who-we-are/labor-relations/nuhw-bargaining/nuhw-messages-employees/key-proposals-reintroduced-nuhw-bargaining","who-we-are","labor-relations","A6","Labor relations content","migrate"
"https://about.kaiserpermanente.org/who-we-are/labor-relations/nuhw-bargaining/nuhw-messages-employees/kaiser-permanente-and-nuhw-exchange-multiple-proposals","who-we-are","labor-relations","A6","Labor relations content","migrate"
"https://about.kaiserpermanente.org/who-we-are/labor-relations/nuhw-bargaining/nuhw-messages-employees/another-tentative-agreement-reached-in-bargaining","who-we-are","labor-relations","A6","Labor relations content","migrate"
"https://about.kaiserpermanente.org/who-we-are/labor-relations/nuhw-bargaining/nuhw-messages-employees/bargaining-continues-during-16th-session","who-we-are","labor-relations","A6","Labor relations content","migrate"
"https://about.kaiserpermanente.org/who-we-are/labor-relations/nuhw-bargaining/nuhw-messages-employees/2-tentative-agreements-reached-in-17th-session","who-we-are","labor-relations","A6","Labor relations content","migrate"
"https://about.kaiserpermanente.org/who-we-are/labor-relations/nuhw-bargaining/nuhw-messages-employees/kaiser-permanente-and-nuhw-continue-negotiations","who-we-are","labor-relations","A6","Labor relations content","migrate"
"https://about.kaiserpermanente.org/who-we-are/labor-relations/nuhw-bargaining/nuhw-messages-employees/kaiser-permanente-nuhw-reach-one-tentative-agreement","who-we-are","labor-relations","A6","Labor relations content","migrate"
"https://about.kaiserpermanente.org/who-we-are/labor-relations/nuhw-bargaining/nuhw-messages-employees/kaiser-permanente-nuhw-check-in-on-outstanding-proposals","who-we-are","labor-relations","A6","Labor relations content","migrate"
"https://about.kaiserpermanente.org/who-we-are/labor-relations/nuhw-bargaining/nuhw-messages-employees/busy-day-at-the-bargaining-table","who-we-are","labor-relations","A6","Labor relations content","migrate"
"https://about.kaiserpermanente.org/who-we-are/labor-relations/nuhw-bargaining/nuhw-messages-employees/productive-22nd-nuhw-bargaining-session","who-we-are","labor-relations","A6","Labor relations content","migrate"
"https://about.kaiserpermanente.org/who-we-are/labor-relations/nuhw-bargaining/nuhw-messages-employees/final-session-of-2025-concludes-with-one-tentative-agreement","who-we-are","labor-relations","A6","Labor relations content","migrate"
"https://about.kaiserpermanente.org/who-we-are/labor-relations/nuhw-bargaining/nuhw-messages-employees/first-session-2026-aimed-forward-momentum-progress","who-we-are","labor-relations","A6","Labor relations content","migrate"
"https://about.kaiserpermanente.org/who-we-are/labor-relations/nuhw-bargaining/nuhw-messages-employees/bargaining-continues-in-25th-session-since-july-2025","who-we-are","labor-relations","A6","Labor relations content","migrate"
"https://about.kaiserpermanente.org/who-we-are/labor-relations/nuhw-bargaining/nuhw-messages-employees/kaiser-permanente-presents-comprehensive-proposal","who-we-are","labor-relations","A6","Labor relations content","migrate"
"https://about.kaiserpermanente.org/who-we-are/labor-relations/nuhw-bargaining/nuhw-messages-employees/kaiser-permanente-nuhw-meet-29th-bargaining-session","who-we-are","labor-relations","A6","Labor relations content","migrate"
"https://about.kaiserpermanente.org/who-we-are/labor-relations/nuhw-bargaining/nuhw-messages-employees/bargaining-continues-with-key-proposals-on-the-table","who-we-are","labor-relations","A6","Labor relations content","migrate"
"https://about.kaiserpermanente.org/who-we-are/labor-relations/nuhw-bargaining/nuhw-messages-employees/kaiser-permanente-and-nuhw-move-to-mediation","who-we-are","labor-relations","A6","Labor relations content","migrate"
"https://about.kaiserpermanente.org/who-we-are/labor-relations/nuhw-bargaining/nuhw-messages-employees/an-update-on-contract-negotiations","who-we-are","labor-relations","A6","Labor relations content","migrate"
"https://about.kaiserpermanente.org/who-we-are/labor-relations/nuhw-bargaining/nuhw-messages-employees/nuhw-bargaining-next-steps","who-we-are","labor-relations","A6","Labor relations content","migrate"
"https://about.kaiserpermanente.org/who-we-are/labor-relations/nuhw-bargaining/nuhw-media-statements-ads-op-eds/new-nuhw-contract-ratified","who-we-are","labor-relations","A6","Labor relations content","migrate"
"https://about.kaiserpermanente.org/who-we-are/labor-relations/nuhw-bargaining/nuhw-bargaining-begins-in-northern-california","who-we-are","labor-relations","A6","Labor relations content","migrate"
"https://about.kaiserpermanente.org/who-we-are/labor-relations/nuhw-bargaining/nuhw-bargaining-update-in-northern-california","who-we-are","labor-relations","A6","Labor relations content","migrate"
"https://about.kaiserpermanente.org/who-we-are/labor-relations/nuhw-bargaining/nuhw-bargaining-continues-northern-california","who-we-are","labor-relations","A6","Labor relations content","migrate"
"https://about.kaiserpermanente.org/who-we-are/labor-relations/nuhw-bargaining/second-tentative-agreement-reached","who-we-are","labor-relations","A6","Labor relations content","migrate"
"https://about.kaiserpermanente.org/who-we-are/labor-relations/nuhw-bargaining/third-tentative-agreement-reached","who-we-are","labor-relations","A6","Labor relations content","migrate"
"https://about.kaiserpermanente.org/who-we-are/labor-relations/nuhw-bargaining/nuhw-bargaining-progresses","who-we-are","labor-relations","A6","Labor relations content","migrate"
"https://about.kaiserpermanente.org/who-we-are/labor-relations/nuhw-bargaining/kaiser-permanente-nuhw-bargaining-update","who-we-are","labor-relations","A6","Labor relations content","migrate"
"https://about.kaiserpermanente.org/who-we-are/labor-relations/nuhw-bargaining/negotiations-focus-patient-access-therapist-support","who-we-are","labor-relations","A6","Labor relations content","migrate"
"https://about.kaiserpermanente.org/who-we-are/labor-relations/nuhw-bargaining/progress-continues-nuhw-bargaining-sessions","who-we-are","labor-relations","A6","Labor relations content","migrate"
"https://about.kaiserpermanente.org/who-we-are/labor-relations/nuhw-bargaining/nuhw-bargaining-sessions-provide-robust-exchanges","who-we-are","labor-relations","A6","Labor relations content","migrate"
"https://about.kaiserpermanente.org/who-we-are/labor-relations/nuhw-bargaining/bargaining-gains-momentum-with-2-new-tentative-agreements","who-we-are","labor-relations","A6","Labor relations content","migrate"
"https://about.kaiserpermanente.org/who-we-are/labor-relations/nuhw-bargaining/bargaining-continues-with-meaningful-exchange-of-proposals","who-we-are","labor-relations","A6","Labor relations content","migrate"
"https://about.kaiserpermanente.org/who-we-are/labor-relations/nuhw-bargaining/videos/tailoring-mental-health-care-needs-of-our-members","who-we-are","labor-relations","A6","Labor relations content","migrate"
"https://about.kaiserpermanente.org/who-we-are/labor-relations/alliance-national-bargaining/media-statements/alliance-unions-ratify-new-contracts","who-we-are","labor-relations","A6","Labor relations content","migrate"
"https://about.kaiserpermanente.org/who-we-are/labor-relations/cna-bargaining/cna-bargaining-lamc","who-we-are","labor-relations","A6","Labor relations content","migrate"
"https://about.kaiserpermanente.org/who-we-are/labor-relations/cna-bargaining/cna-bargaining-lamc/bargaining-with-cna-begins-at-los-angeles-medical-center","who-we-are","labor-relations","A6","Labor relations content","migrate"
"https://about.kaiserpermanente.org/who-we-are/labor-relations/cna-bargaining/cna-bargaining-lamc/cna-talks-continue-at-los-angeles-medical-center","who-we-are","labor-relations","A6","Labor relations content","migrate"
"https://about.kaiserpermanente.org/who-we-are/labor-relations/cna-bargaining/cna-bargaining-northern-california","who-we-are","labor-relations","A6","Labor relations content","migrate"
"https://about.kaiserpermanente.org/who-we-are/labor-relations/cna-bargaining/cna-bargaining-northern-california/our-goals-for-bargaining","who-we-are","labor-relations","A6","Labor relations content","migrate"
"https://about.kaiserpermanente.org/who-we-are/labor-relations/cna-bargaining/cna-bargaining-northern-california/negotiations-underway-on-a-new-agreement","who-we-are","labor-relations","A6","Labor relations content","migrate"
"https://about.kaiserpermanente.org/who-we-are/health-equity-inclusion-belonging","who-we-are","health-equity-inclusion-belonging","A4","Who-we-are editorial (history, mission, people)","migrate"
"https://about.kaiserpermanente.org/who-we-are/health-equity-inclusion-belonging/a-workplace-for-all","who-we-are","health-equity-inclusion-belonging","A4","Who-we-are editorial (history, mission, people)","migrate"
"https://about.kaiserpermanente.org/who-we-are/health-equity-inclusion-belonging/high-quality-equitable-care","who-we-are","health-equity-inclusion-belonging","A4","Who-we-are editorial (history, mission, people)","migrate"
"https://about.kaiserpermanente.org/expertise-and-impact","expertise-and-impact","","A1","Home / section landing","migrate"
"https://about.kaiserpermanente.org/expertise-and-impact/public-policy","expertise-and-impact","public-policy","A7","Expertise & impact editorial (communities, policy, research)","migrate"
"https://about.kaiserpermanente.org/expertise-and-impact/public-policy/our-impact","expertise-and-impact","public-policy","A7","Expertise & impact editorial (communities, policy, research)","migrate"
"https://about.kaiserpermanente.org/expertise-and-impact/public-policy/our-impact/news-perspectives-on-public-policy-california","expertise-and-impact","public-policy","A7","Expertise & impact editorial (communities, policy, research)","migrate"
"https://about.kaiserpermanente.org/expertise-and-impact/public-policy/our-impact/news-perspectives-on-public-policy-colorado","expertise-and-impact","public-policy","A7","Expertise & impact editorial (communities, policy, research)","migrate"
"https://about.kaiserpermanente.org/expertise-and-impact/public-policy/our-impact/news-perspectives-on-public-policy-georgia","expertise-and-impact","public-policy","A7","Expertise & impact editorial (communities, policy, research)","migrate"
"https://about.kaiserpermanente.org/expertise-and-impact/public-policy/our-impact/news-perspectives-on-public-policy-hawaii","expertise-and-impact","public-policy","A7","Expertise & impact editorial (communities, policy, research)","migrate"
"https://about.kaiserpermanente.org/expertise-and-impact/public-policy/our-impact/news-perspectives-on-public-policy-mid-atlantic-states","expertise-and-impact","public-policy","A7","Expertise & impact editorial (communities, policy, research)","migrate"
"https://about.kaiserpermanente.org/expertise-and-impact/public-policy/our-impact/news-perspectives-on-public-policy-northwest","expertise-and-impact","public-policy","A7","Expertise & impact editorial (communities, policy, research)","migrate"
"https://about.kaiserpermanente.org/expertise-and-impact/public-policy/our-impact/news-perspectives-on-public-policy-washington","expertise-and-impact","public-policy","A7","Expertise & impact editorial (communities, policy, research)","migrate"
"https://about.kaiserpermanente.org/expertise-and-impact/public-policy/our-key-issues","expertise-and-impact","public-policy","A7","Expertise & impact editorial (communities, policy, research)","migrate"
"https://about.kaiserpermanente.org/expertise-and-impact/public-policy/our-key-issues/flavored-tobacco","expertise-and-impact","public-policy","A7","Expertise & impact editorial (communities, policy, research)","migrate"
"https://about.kaiserpermanente.org/expertise-and-impact/public-policy/our-key-issues/food-and-nutrition-security","expertise-and-impact","public-policy","A7","Expertise & impact editorial (communities, policy, research)","migrate"
"https://about.kaiserpermanente.org/expertise-and-impact/public-policy/our-key-issues/health-care-reform","expertise-and-impact","public-policy","A7","Expertise & impact editorial (communities, policy, research)","migrate"
"https://about.kaiserpermanente.org/expertise-and-impact/public-policy/our-key-issues/health-care-workforce","expertise-and-impact","public-policy","A7","Expertise & impact editorial (communities, policy, research)","migrate"
"https://about.kaiserpermanente.org/expertise-and-impact/public-policy/our-key-issues/health-data-privacy","expertise-and-impact","public-policy","A7","Expertise & impact editorial (communities, policy, research)","migrate"
"https://about.kaiserpermanente.org/expertise-and-impact/public-policy/our-key-issues/housing-and-homelessness","expertise-and-impact","public-policy","A7","Expertise & impact editorial (communities, policy, research)","migrate"
"https://about.kaiserpermanente.org/expertise-and-impact/public-policy/our-key-issues/medicaid","expertise-and-impact","public-policy","A7","Expertise & impact editorial (communities, policy, research)","migrate"
"https://about.kaiserpermanente.org/expertise-and-impact/public-policy/our-key-issues/medicare","expertise-and-impact","public-policy","A7","Expertise & impact editorial (communities, policy, research)","migrate"
"https://about.kaiserpermanente.org/expertise-and-impact/public-policy/our-key-issues/mental-health","expertise-and-impact","public-policy","A7","Expertise & impact editorial (communities, policy, research)","migrate"
"https://about.kaiserpermanente.org/expertise-and-impact/public-policy/our-key-issues/addressing-high-drug-prices","expertise-and-impact","public-policy","A7","Expertise & impact editorial (communities, policy, research)","migrate"
"https://about.kaiserpermanente.org/expertise-and-impact/public-policy/our-key-issues/telehealth","expertise-and-impact","public-policy","A7","Expertise & impact editorial (communities, policy, research)","migrate"
"https://about.kaiserpermanente.org/expertise-and-impact/public-policy/our-key-issues/artificial-intelligence","expertise-and-impact","public-policy","A7","Expertise & impact editorial (communities, policy, research)","migrate"
"https://about.kaiserpermanente.org/expertise-and-impact/public-policy/integrated-care","expertise-and-impact","public-policy","A7","Expertise & impact editorial (communities, policy, research)","migrate"
"https://about.kaiserpermanente.org/expertise-and-impact/annual-reports","expertise-and-impact","annual-reports","A8","Annual report / publication","migrate-caveats"
"https://about.kaiserpermanente.org/expertise-and-impact/annual-reports/2023-annual-report","expertise-and-impact","annual-reports","A8","Annual report / publication","migrate-caveats"
"https://about.kaiserpermanente.org/expertise-and-impact/annual-reports/2023-annual-report/2023-the-year-in-summary","expertise-and-impact","annual-reports","A8","Annual report / publication","migrate-caveats"
"https://about.kaiserpermanente.org/expertise-and-impact/annual-reports/2024-annual-report","expertise-and-impact","annual-reports","A8","Annual report / publication","migrate-caveats"
"https://about.kaiserpermanente.org/expertise-and-impact/annual-reports/2024-annual-report/2024-year-in-summary","expertise-and-impact","annual-reports","A8","Annual report / publication","migrate-caveats"
"https://about.kaiserpermanente.org/expertise-and-impact/annual-reports/2025-annual-report","expertise-and-impact","annual-reports","A8","Annual report / publication","migrate-caveats"
"https://about.kaiserpermanente.org/expertise-and-impact/annual-reports/2025-annual-report/quality","expertise-and-impact","annual-reports","A8","Annual report / publication","migrate-caveats"
"https://about.kaiserpermanente.org/expertise-and-impact/annual-reports/2025-annual-report/health-equity","expertise-and-impact","annual-reports","A8","Annual report / publication","migrate-caveats"
"https://about.kaiserpermanente.org/expertise-and-impact/annual-reports/2025-annual-report/innovation","expertise-and-impact","annual-reports","A8","Annual report / publication","migrate-caveats"
"https://about.kaiserpermanente.org/expertise-and-impact/annual-reports/2025-annual-report/people","expertise-and-impact","annual-reports","A8","Annual report / publication","migrate-caveats"
"https://about.kaiserpermanente.org/expertise-and-impact/annual-reports/2025-annual-report/risant-health","expertise-and-impact","annual-reports","A8","Annual report / publication","migrate-caveats"
"https://about.kaiserpermanente.org/expertise-and-impact/annual-reports/2025-annual-report/community","expertise-and-impact","annual-reports","A8","Annual report / publication","migrate-caveats"
"https://about.kaiserpermanente.org/expertise-and-impact/health-research","expertise-and-impact","health-research","A7","Expertise & impact editorial (communities, policy, research)","migrate"
"https://about.kaiserpermanente.org/expertise-and-impact/health-research/about-our-research","expertise-and-impact","health-research","A7","Expertise & impact editorial (communities, policy, research)","migrate"
"https://about.kaiserpermanente.org/expertise-and-impact/health-research/research-briefs","expertise-and-impact","health-research","A7","Expertise & impact editorial (communities, policy, research)","migrate"
"https://about.kaiserpermanente.org/expertise-and-impact/health-research/research-centers","expertise-and-impact","health-research","A7","Expertise & impact editorial (communities, policy, research)","migrate"
"https://about.kaiserpermanente.org/expertise-and-impact/health-research/how-to-participate","expertise-and-impact","health-research","A7","Expertise & impact editorial (communities, policy, research)","migrate"
"https://about.kaiserpermanente.org/expertise-and-impact/health-research/news","expertise-and-impact","health-research","A7","Expertise & impact editorial (communities, policy, research)","migrate"
"https://about.kaiserpermanente.org/expertise-and-impact/healthy-communities","expertise-and-impact","healthy-communities","A7","Expertise & impact editorial (communities, policy, research)","migrate"
"https://about.kaiserpermanente.org/expertise-and-impact/healthy-communities/our-programs-and-partnerships","expertise-and-impact","healthy-communities","A7","Expertise & impact editorial (communities, policy, research)","migrate"
"https://about.kaiserpermanente.org/expertise-and-impact/healthy-communities/our-programs-and-partnerships/environmental-stewardship","expertise-and-impact","healthy-communities","A7","Expertise & impact editorial (communities, policy, research)","migrate"
"https://about.kaiserpermanente.org/expertise-and-impact/healthy-communities/our-programs-and-partnerships/environmental-stewardship/the-road-to-carbon-neutral","expertise-and-impact","healthy-communities","A7","Expertise & impact editorial (communities, policy, research)","migrate"
"https://about.kaiserpermanente.org/expertise-and-impact/healthy-communities/our-programs-and-partnerships/environmental-stewardship/ab-1305-emissions-disclosure","expertise-and-impact","healthy-communities","A7","Expertise & impact editorial (communities, policy, research)","migrate"
"https://about.kaiserpermanente.org/expertise-and-impact/healthy-communities/our-programs-and-partnerships/housing-security","expertise-and-impact","healthy-communities","A7","Expertise & impact editorial (communities, policy, research)","migrate"
"https://about.kaiserpermanente.org/expertise-and-impact/healthy-communities/our-programs-and-partnerships/mental-health-workforce-development","expertise-and-impact","healthy-communities","A7","Expertise & impact editorial (communities, policy, research)","migrate"
"https://about.kaiserpermanente.org/expertise-and-impact/healthy-communities/our-programs-and-partnerships/mental-health-workforce-development/name-accelerator-1","expertise-and-impact","healthy-communities","A7","Expertise & impact editorial (communities, policy, research)","migrate"
"https://about.kaiserpermanente.org/expertise-and-impact/healthy-communities/our-programs-and-partnerships/mental-health-workforce-development/name-accelerator-11","expertise-and-impact","healthy-communities","A7","Expertise & impact editorial (communities, policy, research)","migrate"
"https://about.kaiserpermanente.org/expertise-and-impact/healthy-communities/our-programs-and-partnerships/mental-health-workforce-development/name-accelerator-12","expertise-and-impact","healthy-communities","A7","Expertise & impact editorial (communities, policy, research)","migrate"
"https://about.kaiserpermanente.org/expertise-and-impact/healthy-communities/our-programs-and-partnerships/mental-health-workforce-development/name-accelerator-13","expertise-and-impact","healthy-communities","A7","Expertise & impact editorial (communities, policy, research)","migrate"
"https://about.kaiserpermanente.org/expertise-and-impact/healthy-communities/our-programs-and-partnerships/mental-health-workforce-development/name-accelerator-14","expertise-and-impact","healthy-communities","A7","Expertise & impact editorial (communities, policy, research)","migrate"
"https://about.kaiserpermanente.org/expertise-and-impact/healthy-communities/our-programs-and-partnerships/mental-health-workforce-development/name-accelerator-15","expertise-and-impact","healthy-communities","A7","Expertise & impact editorial (communities, policy, research)","migrate"
"https://about.kaiserpermanente.org/expertise-and-impact/healthy-communities/our-programs-and-partnerships/mental-health-workforce-development/program-overview","expertise-and-impact","healthy-communities","A7","Expertise & impact editorial (communities, policy, research)","migrate"
"https://about.kaiserpermanente.org/expertise-and-impact/healthy-communities/our-programs-and-partnerships/food-is-medicine","expertise-and-impact","healthy-communities","A7","Expertise & impact editorial (communities, policy, research)","migrate"
"https://about.kaiserpermanente.org/expertise-and-impact/healthy-communities/our-impact-in-communities","expertise-and-impact","healthy-communities","A7","Expertise & impact editorial (communities, policy, research)","migrate"
"https://about.kaiserpermanente.org/expertise-and-impact/healthy-communities/our-impact-in-communities/measurement-and-evaluation","expertise-and-impact","healthy-communities","A7","Expertise & impact editorial (communities, policy, research)","migrate"
"https://about.kaiserpermanente.org/expertise-and-impact/healthy-communities/our-impact-in-communities/2023-community-health-snapshot","expertise-and-impact","healthy-communities","A7","Expertise & impact editorial (communities, policy, research)","migrate"
"https://about.kaiserpermanente.org/expertise-and-impact/healthy-communities/our-impact-in-communities/community-health-snapshot","expertise-and-impact","healthy-communities","A7","Expertise & impact editorial (communities, policy, research)","migrate"
"https://about.kaiserpermanente.org/expertise-and-impact/healthy-communities/our-impact-in-communities/community-health-needs-assessments","expertise-and-impact","healthy-communities","A7","Expertise & impact editorial (communities, policy, research)","migrate"
"https://about.kaiserpermanente.org/expertise-and-impact/healthy-communities/communities-we-serve","expertise-and-impact","healthy-communities","A7","Expertise & impact editorial (communities, policy, research)","migrate"
"https://about.kaiserpermanente.org/expertise-and-impact/healthy-communities/communities-we-serve/northern-california-community","expertise-and-impact","healthy-communities","A7","Expertise & impact editorial (communities, policy, research)","migrate"
"https://about.kaiserpermanente.org/expertise-and-impact/healthy-communities/communities-we-serve/northern-california-community/service-areas","expertise-and-impact","healthy-communities","A7","Expertise & impact editorial (communities, policy, research)","migrate"
"https://about.kaiserpermanente.org/expertise-and-impact/healthy-communities/communities-we-serve/northern-california-community/service-areas/central-valley","expertise-and-impact","healthy-communities","A7","Expertise & impact editorial (communities, policy, research)","migrate"
"https://about.kaiserpermanente.org/expertise-and-impact/healthy-communities/communities-we-serve/northern-california-community/service-areas/diablo","expertise-and-impact","healthy-communities","A7","Expertise & impact editorial (communities, policy, research)","migrate"
"https://about.kaiserpermanente.org/expertise-and-impact/healthy-communities/communities-we-serve/northern-california-community/service-areas/east-bay","expertise-and-impact","healthy-communities","A7","Expertise & impact editorial (communities, policy, research)","migrate"
"https://about.kaiserpermanente.org/expertise-and-impact/healthy-communities/communities-we-serve/northern-california-community/service-areas/fresno","expertise-and-impact","healthy-communities","A7","Expertise & impact editorial (communities, policy, research)","migrate"
"https://about.kaiserpermanente.org/expertise-and-impact/healthy-communities/communities-we-serve/northern-california-community/service-areas/golden-gate","expertise-and-impact","healthy-communities","A7","Expertise & impact editorial (communities, policy, research)","migrate"
"https://about.kaiserpermanente.org/expertise-and-impact/healthy-communities/communities-we-serve/northern-california-community/service-areas/greater-sacramento","expertise-and-impact","healthy-communities","A7","Expertise & impact editorial (communities, policy, research)","migrate"
"https://about.kaiserpermanente.org/expertise-and-impact/healthy-communities/communities-we-serve/northern-california-community/service-areas/greater-southern-alameda-county","expertise-and-impact","healthy-communities","A7","Expertise & impact editorial (communities, policy, research)","migrate"
"https://about.kaiserpermanente.org/expertise-and-impact/healthy-communities/communities-we-serve/northern-california-community/service-areas/napa-solano","expertise-and-impact","healthy-communities","A7","Expertise & impact editorial (communities, policy, research)","migrate"
"https://about.kaiserpermanente.org/expertise-and-impact/healthy-communities/communities-we-serve/northern-california-community/service-areas/san-mateo","expertise-and-impact","healthy-communities","A7","Expertise & impact editorial (communities, policy, research)","migrate"
"https://about.kaiserpermanente.org/expertise-and-impact/healthy-communities/communities-we-serve/northern-california-community/service-areas/santa-rosa","expertise-and-impact","healthy-communities","A7","Expertise & impact editorial (communities, policy, research)","migrate"
"https://about.kaiserpermanente.org/expertise-and-impact/healthy-communities/communities-we-serve/northern-california-community/service-areas/south-bay","expertise-and-impact","healthy-communities","A7","Expertise & impact editorial (communities, policy, research)","migrate"
"https://about.kaiserpermanente.org/expertise-and-impact/healthy-communities/communities-we-serve/northern-california-community/community-programs","expertise-and-impact","healthy-communities","A7","Expertise & impact editorial (communities, policy, research)","migrate"
"https://about.kaiserpermanente.org/expertise-and-impact/healthy-communities/communities-we-serve/southern-california-community","expertise-and-impact","healthy-communities","A7","Expertise & impact editorial (communities, policy, research)","migrate"
"https://about.kaiserpermanente.org/expertise-and-impact/healthy-communities/communities-we-serve/colorado-community","expertise-and-impact","healthy-communities","A7","Expertise & impact editorial (communities, policy, research)","migrate"
"https://about.kaiserpermanente.org/expertise-and-impact/healthy-communities/communities-we-serve/colorado-community/community-health-impact","expertise-and-impact","healthy-communities","A7","Expertise & impact editorial (communities, policy, research)","migrate"
"https://about.kaiserpermanente.org/expertise-and-impact/healthy-communities/communities-we-serve/colorado-community/programs","expertise-and-impact","healthy-communities","A7","Expertise & impact editorial (communities, policy, research)","migrate"
"https://about.kaiserpermanente.org/expertise-and-impact/healthy-communities/communities-we-serve/colorado-community/care-and-coverage-for-low-income-coloradans","expertise-and-impact","healthy-communities","A7","Expertise & impact editorial (communities, policy, research)","migrate"
"https://about.kaiserpermanente.org/expertise-and-impact/healthy-communities/communities-we-serve/colorado-community/safety-net-partnerships","expertise-and-impact","healthy-communities","A7","Expertise & impact editorial (communities, policy, research)","migrate"
"https://about.kaiserpermanente.org/expertise-and-impact/healthy-communities/communities-we-serve/colorado-community/grantfunding","expertise-and-impact","healthy-communities","A7","Expertise & impact editorial (communities, policy, research)","migrate"
"https://about.kaiserpermanente.org/expertise-and-impact/healthy-communities/communities-we-serve/colorado-community/sponsorships-conferences-and-community-service","expertise-and-impact","healthy-communities","A7","Expertise & impact editorial (communities, policy, research)","migrate"
"https://about.kaiserpermanente.org/expertise-and-impact/healthy-communities/communities-we-serve/colorado-community/contact-us","expertise-and-impact","healthy-communities","A7","Expertise & impact editorial (communities, policy, research)","migrate"
"https://about.kaiserpermanente.org/expertise-and-impact/healthy-communities/communities-we-serve/colorado-community/rfp-general-guidance-project-budget","expertise-and-impact","healthy-communities","A7","Expertise & impact editorial (communities, policy, research)","migrate"
"https://about.kaiserpermanente.org/expertise-and-impact/healthy-communities/communities-we-serve/georgia-community","expertise-and-impact","healthy-communities","A7","Expertise & impact editorial (communities, policy, research)","migrate"
"https://about.kaiserpermanente.org/expertise-and-impact/healthy-communities/communities-we-serve/georgia-community/programs","expertise-and-impact","healthy-communities","A7","Expertise & impact editorial (communities, policy, research)","migrate"
"https://about.kaiserpermanente.org/expertise-and-impact/healthy-communities/communities-we-serve/georgia-community/grants","expertise-and-impact","healthy-communities","A7","Expertise & impact editorial (communities, policy, research)","migrate"
"https://about.kaiserpermanente.org/expertise-and-impact/healthy-communities/communities-we-serve/hawaii-community","expertise-and-impact","healthy-communities","A7","Expertise & impact editorial (communities, policy, research)","migrate"
"https://about.kaiserpermanente.org/expertise-and-impact/healthy-communities/communities-we-serve/hawaii-community/programs","expertise-and-impact","healthy-communities","A7","Expertise & impact editorial (communities, policy, research)","migrate"
"https://about.kaiserpermanente.org/expertise-and-impact/healthy-communities/communities-we-serve/hawaii-community/grants","expertise-and-impact","healthy-communities","A7","Expertise & impact editorial (communities, policy, research)","migrate"
"https://about.kaiserpermanente.org/expertise-and-impact/healthy-communities/communities-we-serve/mid-atlantic-community","expertise-and-impact","healthy-communities","A7","Expertise & impact editorial (communities, policy, research)","migrate"
"https://about.kaiserpermanente.org/expertise-and-impact/healthy-communities/communities-we-serve/mid-atlantic-community/volunteer","expertise-and-impact","healthy-communities","A7","Expertise & impact editorial (communities, policy, research)","migrate"
"https://about.kaiserpermanente.org/expertise-and-impact/healthy-communities/communities-we-serve/mid-atlantic-community/grants-and-sponsorships","expertise-and-impact","healthy-communities","A7","Expertise & impact editorial (communities, policy, research)","migrate"
"https://about.kaiserpermanente.org/expertise-and-impact/healthy-communities/communities-we-serve/mid-atlantic-community/contact-us","expertise-and-impact","healthy-communities","A7","Expertise & impact editorial (communities, policy, research)","migrate"
"https://about.kaiserpermanente.org/expertise-and-impact/healthy-communities/communities-we-serve/northwest-community","expertise-and-impact","healthy-communities","A7","Expertise & impact editorial (communities, policy, research)","migrate"
"https://about.kaiserpermanente.org/expertise-and-impact/healthy-communities/communities-we-serve/northwest-community/our-impact","expertise-and-impact","healthy-communities","A7","Expertise & impact editorial (communities, policy, research)","migrate"
"https://about.kaiserpermanente.org/expertise-and-impact/healthy-communities/communities-we-serve/northwest-community/our-impact/community-health-needs-assessment","expertise-and-impact","healthy-communities","A7","Expertise & impact editorial (communities, policy, research)","migrate"
"https://about.kaiserpermanente.org/expertise-and-impact/healthy-communities/communities-we-serve/northwest-community/our-impact/grants-and-sponsorships","expertise-and-impact","healthy-communities","A7","Expertise & impact editorial (communities, policy, research)","migrate"
"https://about.kaiserpermanente.org/expertise-and-impact/healthy-communities/communities-we-serve/northwest-community/our-impact/grants-and-sponsorships/kaiser-permanente-gives-volunteer-grant-program","expertise-and-impact","healthy-communities","A7","Expertise & impact editorial (communities, policy, research)","migrate"
"https://about.kaiserpermanente.org/expertise-and-impact/healthy-communities/communities-we-serve/northwest-community/our-impact/grants-and-sponsorships/surplus-equipment-donations","expertise-and-impact","healthy-communities","A7","Expertise & impact editorial (communities, policy, research)","migrate"
"https://about.kaiserpermanente.org/expertise-and-impact/healthy-communities/communities-we-serve/northwest-community/our-impact/community-engagement-and-volunteerism","expertise-and-impact","healthy-communities","A7","Expertise & impact editorial (communities, policy, research)","migrate"
"https://about.kaiserpermanente.org/expertise-and-impact/healthy-communities/communities-we-serve/northwest-community/ensuring-health-access","expertise-and-impact","healthy-communities","A7","Expertise & impact editorial (communities, policy, research)","migrate"
"https://about.kaiserpermanente.org/expertise-and-impact/healthy-communities/communities-we-serve/northwest-community/ensuring-health-access/subsidized-care-and-coverage0","expertise-and-impact","healthy-communities","A7","Expertise & impact editorial (communities, policy, research)","migrate"
"https://about.kaiserpermanente.org/expertise-and-impact/healthy-communities/communities-we-serve/northwest-community/improving-community-conditions","expertise-and-impact","healthy-communities","A7","Expertise & impact editorial (communities, policy, research)","migrate"
"https://about.kaiserpermanente.org/expertise-and-impact/healthy-communities/communities-we-serve/northwest-community/improving-community-conditions/healthy-neighborhoods","expertise-and-impact","healthy-communities","A7","Expertise & impact editorial (communities, policy, research)","migrate"
"https://about.kaiserpermanente.org/expertise-and-impact/healthy-communities/communities-we-serve/northwest-community/improving-community-conditions/health-career-scholarships-and-learning","expertise-and-impact","healthy-communities","A7","Expertise & impact editorial (communities, policy, research)","migrate"
"https://about.kaiserpermanente.org/expertise-and-impact/healthy-communities/communities-we-serve/northwest-community/improving-community-conditions/health-career-scholarships-and-learning/health-care-career-scholarship-program0","expertise-and-impact","healthy-communities","A7","Expertise & impact editorial (communities, policy, research)","migrate"
"https://about.kaiserpermanente.org/expertise-and-impact/healthy-communities/communities-we-serve/washington-community","expertise-and-impact","healthy-communities","A7","Expertise & impact editorial (communities, policy, research)","migrate"
"https://about.kaiserpermanente.org/expertise-and-impact/healthy-communities/communities-we-serve/washington-community/our-impact-in-washington","expertise-and-impact","healthy-communities","A7","Expertise & impact editorial (communities, policy, research)","migrate"
"https://about.kaiserpermanente.org/expertise-and-impact/healthy-communities/communities-we-serve/washington-community/grants-and-sponsorships","expertise-and-impact","healthy-communities","A7","Expertise & impact editorial (communities, policy, research)","migrate"
"https://about.kaiserpermanente.org/expertise-and-impact/healthy-communities/news","expertise-and-impact","healthy-communities","A7","Expertise & impact editorial (communities, policy, research)","migrate"
"https://about.kaiserpermanente.org/rss-feeds","rss-feeds","","A9","Utility (RSS, feedback, sitemap)","exclude"
"https://about.kaiserpermanente.org/site-feedback","site-feedback","","A9","Utility (RSS, feedback, sitemap)","exclude"